0.001000	0.990161	0.000000
0.001000	0.698999	0.000000
0.001000	0.502087	0.000000
0.001000	0.365993	0.000000
0.001000	0.270204	0.000000
0.001000	0.201749	0.000000
0.001000	0.152189	0.000000
0.001000	0.115896	0.000000
0.001000	0.089045	0.000000
0.001000	0.068991	0.000000
0.001000	0.053883	0.000000
0.001000	0.042408	0.000000
0.001000	0.033626	0.000000
0.001000	0.026856	0.000000
0.001000	0.021601	0.000000
0.001000	0.017496	0.000000
0.001000	0.014270	0.000000
0.001000	0.011720	0.000000
0.001000	0.827207	0.000000
0.001000	0.589182	0.000000
0.001000	0.426512	0.000000
0.001000	0.313031	0.000000
0.001000	0.232512	0.000000
0.001000	0.174566	0.000000
0.001000	0.132354	0.000000
0.001000	0.101270	0.000000
0.001000	0.078155	0.000000
0.001000	0.060810	0.000000
0.001000	0.047686	0.000000
0.001000	0.037677	0.000000
0.001000	0.029987	0.000000
0.001000	0.024037	0.000000
0.001000	0.019403	0.000000
0.001000	0.015772	0.000000
0.001000	0.012910	0.000000
0.001000	0.010640	0.000000
0.010000	0.013114	0.009513
0.010000	0.013195	0.009486
0.010000	0.929896	0.000000
0.010000	0.710467	0.000000
0.010000	0.549452	0.000000
0.010000	0.429578	0.000000
0.010000	0.339125	0.000000
0.010000	0.270068	0.000000
0.010000	0.216817	0.000000
0.010000	0.175399	0.000000
0.010000	0.142941	0.000000
0.010000	0.117333	0.000000
0.010000	0.097006	0.000000
0.010000	0.080782	0.000000
0.010000	0.067765	0.000000
0.010000	0.057271	0.000000
0.010000	0.048775	0.000000
0.010000	0.041866	0.000000
0.010000	0.036228	0.000000
0.010000	0.031610	0.000000
0.010000	0.027818	0.000000
0.010000	0.024696	0.000000
0.010000	0.022123	0.000000
0.010000	0.018249	0.000000
0.010000	0.016805	0.000000
0.010000	0.020000	0.000000
0.010000	0.015613	0.000000
0.010000	0.014628	0.000000
0.010000	0.013813	0.000000
0.010000	0.013139	0.000000
0.010000	0.012580	0.000000
0.010000	0.012116	0.000000
0.010000	0.011732	0.000000
0.010000	0.011414	0.000000
0.010000	0.011150	0.000000
0.010000	0.010933	0.000000
0.010000	0.010754	0.000000
0.010000	0.010606	0.000000
0.010000	0.010485	0.000000
0.010000	0.010387	0.000000
0.010000	0.010307	0.000000
0.010000	0.010242	0.000000
0.010000	0.010189	0.000000
0.010000	0.010147	0.000000
0.010000	0.010114	0.000000
0.010000	0.010087	0.000000
0.010000	0.010066	0.000000
0.010000	0.010050	0.000000
0.010000	0.010037	0.000000
0.010000	0.010028	0.000000
0.010000	0.010020	0.000000
0.010000	0.010015	0.000000
0.010000	0.010010	0.000000
0.010000	0.010007	0.000000
0.010000	0.010005	0.000000
0.010000	0.010003	0.000000
0.010000	0.010002	0.000000
0.010000	0.010001	0.000000
0.010000	0.010002	0.000000
0.010000	0.811137	0.000000
0.010000	0.623464	0.000000
0.010000	0.484800	0.000000
0.010000	0.380890	0.000000
0.010000	0.302027	0.000000
0.010000	0.241517	0.000000
0.010000	0.194651	0.000000
0.010000	0.158059	0.000000
0.010000	0.129284	0.000000
0.010000	0.106510	0.000000
0.010000	0.088381	0.000000
0.010000	0.073872	0.000000
0.010000	0.062202	0.000000
0.010000	0.052773	0.000000
0.010000	0.045122	0.000000
0.010000	0.038889	0.000000
0.010000	0.033793	0.000000
0.010000	0.029613	0.000000
0.010000	0.026176	0.000000
0.010000	0.023345	0.000000
0.010000	0.021010	0.000000
0.010000	0.019083	0.000000
0.010000	0.017494	0.000000
0.010000	0.016182	0.000000
0.010000	0.015099	0.000000
0.010000	0.014203	0.000000
0.010000	0.013462	0.000000
0.010000	0.012848	0.000000
0.010000	0.012339	0.000000
0.010000	0.011916	0.000000
0.010000	0.011566	0.000000
0.010000	0.011277	0.000000
0.010000	0.011037	0.000000
0.010000	0.010840	0.000000
0.010000	0.010677	0.000000
0.010000	0.010543	0.000000
0.010000	0.010434	0.000000
0.010000	0.010345	0.000000
0.010000	0.010273	0.000000
0.010000	0.010214	0.000000
0.010000	0.010167	0.000000
0.010000	0.010130	0.000000
0.010000	0.010100	0.000000
0.010000	0.010076	0.000000
0.010000	0.010058	0.000000
0.010000	0.010043	0.000000
0.010000	0.010032	0.000000
0.010000	0.010024	0.000000
0.010000	0.010017	0.000000
0.010000	0.010012	0.000000
0.010000	0.010009	0.000000
0.010000	0.010006	0.000000
0.010000	0.010004	0.000000
0.010000	0.010003	0.000000
0.010000	0.010002	0.000000
0.010000	0.010001	0.000000
0.010000	0.010001	0.000000
0.010000	0.010001	0.000000
0.020000	0.026265	0.019075
0.020000	0.026427	0.019019
0.020000	0.884728	0.000000
0.020000	0.692788	0.000000
0.020000	0.548256	0.000000
0.020000	0.438143	0.000000
0.020000	0.353307	0.000000
0.020000	0.287288	0.000000
0.020000	0.235463	0.000000
0.020000	0.194469	0.000000
0.020000	0.161829	0.000000
0.020000	0.135685	0.000000
0.020000	0.114635	0.000000
0.020000	0.097604	0.000000
0.020000	0.083765	0.000000
0.020000	0.072475	0.000000
0.020000	0.063231	0.000000
0.020000	0.055641	0.000000
0.020000	0.049395	0.000000
0.020000	0.044246	0.000000
0.020000	0.036498	0.000000
0.020000	0.033609	0.000000
0.020000	0.040000	0.000000
0.020000	0.031225	0.000000
0.020000	0.029255	0.000000
0.020000	0.027626	0.000000
0.020000	0.026277	0.000000
0.020000	0.025159	0.000000
0.020000	0.024232	0.000000
0.020000	0.023464	0.000000
0.020000	0.022827	0.000000
0.020000	0.022301	0.000000
0.020000	0.021866	0.000000
0.020000	0.021507	0.000000
0.020000	0.021212	0.000000
0.020000	0.020971	0.000000
0.020000	0.020774	0.000000
0.020000	0.020613	0.000000
0.020000	0.020483	0.000000
0.020000	0.020378	0.000000
0.020000	0.020294	0.000000
0.020000	0.020227	0.000000
0.020000	0.020174	0.000000
0.020000	0.020132	0.000000
0.020000	0.020100	0.000000
0.020000	0.020075	0.000000
0.020000	0.020055	0.000000
0.020000	0.020040	0.000000
0.020000	0.020029	0.000000
0.020000	0.020021	0.000000
0.020000	0.020015	0.000000
0.020000	0.020010	0.000000
0.020000	0.020007	0.000000
0.020000	0.020005	0.000000
0.020000	0.020002	0.000000
0.020000	0.020003	0.000000
0.020000	0.781617	0.000000
0.020000	0.615254	0.000000
0.020000	0.489276	0.000000
0.020000	0.392774	0.000000
0.020000	0.318057	0.000000
0.020000	0.259659	0.000000
0.020000	0.213641	0.000000
0.020000	0.177119	0.000000
0.020000	0.147952	0.000000
0.020000	0.124527	0.000000
0.020000	0.105620	0.000000
0.020000	0.090288	0.000000
0.020000	0.077805	0.000000
0.020000	0.067602	0.000000
0.020000	0.059235	0.000000
0.020000	0.052357	0.000000
0.020000	0.046691	0.000000
0.020000	0.042019	0.000000
0.020000	0.038166	0.000000
0.020000	0.034987	0.000000
0.020000	0.032363	0.000000
0.020000	0.030197	0.000000
0.020000	0.028406	0.000000
0.020000	0.026923	0.000000
0.020000	0.025695	0.000000
0.020000	0.024677	0.000000
0.020000	0.023833	0.000000
0.020000	0.023133	0.000000
0.020000	0.022554	0.000000
0.020000	0.022075	0.000000
0.020000	0.021679	0.000000
0.020000	0.021354	0.000000
0.020000	0.021087	0.000000
0.020000	0.020868	0.000000
0.020000	0.020690	0.000000
0.020000	0.020545	0.000000
0.020000	0.020428	0.000000
0.020000	0.020334	0.000000
0.020000	0.020259	0.000000
0.020000	0.020200	0.000000
0.020000	0.020152	0.000000
0.020000	0.020115	0.000000
0.020000	0.020087	0.000000
0.020000	0.020064	0.000000
0.020000	0.020047	0.000000
0.020000	0.020035	0.000000
0.020000	0.020025	0.000000
0.020000	0.020018	0.000000
0.020000	0.020012	0.000000
0.020000	0.020009	0.000000
0.020000	0.020006	0.000000
0.020000	0.020004	0.000000
0.020000	0.020003	0.000000
0.020000	0.020002	0.000000
0.020000	0.020001	0.000000
0.030000	0.039491	0.028736
0.030000	0.039734	0.028648
0.030000	0.838229	0.000000
0.030000	0.666716	0.000000
0.030000	0.535535	0.000000
0.030000	0.434171	0.000000
0.030000	0.355073	0.000000
0.030000	0.292799	0.000000
0.030000	0.243386	0.000000
0.030000	0.203909	0.000000
0.030000	0.172180	0.000000
0.030000	0.146543	0.000000
0.030000	0.125729	0.000000
0.030000	0.108760	0.000000
0.030000	0.094875	0.000000
0.030000	0.083477	0.000000
0.030000	0.074099	0.000000
0.030000	0.066372	0.000000
0.030000	0.054746	0.000000
0.030000	0.050412	0.000000
0.030000	0.060000	0.000000
0.030000	0.046836	0.000000
0.030000	0.043881	0.000000
0.030000	0.041438	0.000000
0.030000	0.039415	0.000000
0.030000	0.037738	0.000000
0.030000	0.036348	0.000000
0.030000	0.035195	0.000000
0.030000	0.034241	0.000000
0.030000	0.033451	0.000000
0.030000	0.032798	0.000000
0.030000	0.032261	0.000000
0.030000	0.031819	0.000000
0.030000	0.031456	0.000000
0.030000	0.031160	0.000000
0.030000	0.030920	0.000000
0.030000	0.030725	0.000000
0.030000	0.030567	0.000000
0.030000	0.030441	0.000000
0.030000	0.030341	0.000000
0.030000	0.030261	0.000000
0.030000	0.030199	0.000000
0.030000	0.030150	0.000000
0.030000	0.030112	0.000000
0.030000	0.030083	0.000000
0.030000	0.030061	0.000000
0.030000	0.030044	0.000000
0.030000	0.030031	0.000000
0.030000	0.030022	0.000000
0.030000	0.030015	0.000000
0.030000	0.030010	0.000000
0.030000	0.030007	0.000000
0.030000	0.030003	0.000000
0.030000	0.030005	0.000000
0.030000	0.943367	0.000000
0.030000	0.746470	0.000000
0.030000	0.596626	0.000000
0.030000	0.481450	0.000000
0.030000	0.392025	0.000000
0.030000	0.321937	0.000000
0.030000	0.266542	0.000000
0.030000	0.222437	0.000000
0.030000	0.187093	0.000000
0.030000	0.158611	0.000000
0.030000	0.135541	0.000000
0.030000	0.116771	0.000000
0.030000	0.101440	0.000000
0.030000	0.088874	0.000000
0.030000	0.078546	0.000000
0.030000	0.070042	0.000000
0.030000	0.063030	0.000000
0.030000	0.057248	0.000000
0.030000	0.052479	0.000000
0.030000	0.048544	0.000000
0.030000	0.045294	0.000000
0.030000	0.042608	0.000000
0.030000	0.040384	0.000000
0.030000	0.038542	0.000000
0.030000	0.037015	0.000000
0.030000	0.035748	0.000000
0.030000	0.034699	0.000000
0.030000	0.033830	0.000000
0.030000	0.033112	0.000000
0.030000	0.032519	0.000000
0.030000	0.032031	0.000000
0.030000	0.031630	0.000000
0.030000	0.031302	0.000000
0.030000	0.031035	0.000000
0.030000	0.030818	0.000000
0.030000	0.030643	0.000000
0.030000	0.030502	0.000000
0.030000	0.030389	0.000000
0.030000	0.030299	0.000000
0.030000	0.030229	0.000000
0.030000	0.030173	0.000000
0.030000	0.030130	0.000000
0.030000	0.030097	0.000000
0.030000	0.030071	0.000000
0.030000	0.030052	0.000000
0.030000	0.030037	0.000000
0.030000	0.030027	0.000000
0.030000	0.030019	0.000000
0.030000	0.030013	0.000000
0.030000	0.030009	0.000000
0.030000	0.030006	0.000000
0.030000	0.030004	0.000000
0.030000	0.030002	0.000000
0.030000	0.030002	0.000000
0.040000	0.052833	0.038546
0.040000	0.053157	0.038421
0.040000	0.902786	0.000000
0.040000	0.722772	0.000000
0.040000	0.584238	0.000000
0.040000	0.476649	0.000000
0.040000	0.392324	0.000000
0.040000	0.325665	0.000000
0.040000	0.272569	0.000000
0.040000	0.229989	0.000000
0.040000	0.195641	0.000000
0.040000	0.167790	0.000000
0.040000	0.145104	0.000000
0.040000	0.126552	0.000000
0.040000	0.111331	0.000000
0.040000	0.098812	0.000000
0.040000	0.088500	0.000000
0.040000	0.072992	0.000000
0.040000	0.067213	0.000000
0.040000	0.080000	0.000000
0.040000	0.062445	0.000000
0.040000	0.058506	0.000000
0.040000	0.055249	0.000000
0.040000	0.052551	0.000000
0.040000	0.050316	0.000000
0.040000	0.048463	0.000000
0.040000	0.046926	0.000000
0.040000	0.045654	0.000000
0.040000	0.044601	0.000000
0.040000	0.043731	0.000000
0.040000	0.043014	0.000000
0.040000	0.042424	0.000000
0.040000	0.041941	0.000000
0.040000	0.041547	0.000000
0.040000	0.041226	0.000000
0.040000	0.040966	0.000000
0.040000	0.040756	0.000000
0.040000	0.040588	0.000000
0.040000	0.040455	0.000000
0.040000	0.040348	0.000000
0.040000	0.040265	0.000000
0.040000	0.040200	0.000000
0.040000	0.040149	0.000000
0.040000	0.040110	0.000000
0.040000	0.040081	0.000000
0.040000	0.040058	0.000000
0.040000	0.040042	0.000000
0.040000	0.040029	0.000000
0.040000	0.040020	0.000000
0.040000	0.040014	0.000000
0.040000	0.040009	0.000000
0.040000	0.040004	0.000000
0.040000	0.040006	0.000000
0.040000	0.806690	0.000000
0.040000	0.648907	0.000000
0.040000	0.526944	0.000000
0.040000	0.431799	0.000000
0.040000	0.356915	0.000000
0.040000	0.297496	0.000000
0.040000	0.250007	0.000000
0.040000	0.211812	0.000000
0.040000	0.180921	0.000000
0.040000	0.155815	0.000000
0.040000	0.135323	0.000000
0.040000	0.118538	0.000000
0.040000	0.104749	0.000000
0.040000	0.093397	0.000000
0.040000	0.084042	0.000000
0.040000	0.076329	0.000000
0.040000	0.069969	0.000000
0.040000	0.064722	0.000000
0.040000	0.060390	0.000000
0.040000	0.056808	0.000000
0.040000	0.053844	0.000000
0.040000	0.051388	0.000000
0.040000	0.049352	0.000000
0.040000	0.047664	0.000000
0.040000	0.046265	0.000000
0.040000	0.045106	0.000000
0.040000	0.044148	0.000000
0.040000	0.043358	0.000000
0.040000	0.042707	0.000000
0.040000	0.042173	0.000000
0.040000	0.041736	0.000000
0.040000	0.041380	0.000000
0.040000	0.041091	0.000000
0.040000	0.040857	0.000000
0.040000	0.040669	0.000000
0.040000	0.040519	0.000000
0.040000	0.040399	0.000000
0.040000	0.040305	0.000000
0.040000	0.040231	0.000000
0.040000	0.040173	0.000000
0.040000	0.040129	0.000000
0.040000	0.040095	0.000000
0.040000	0.040069	0.000000
0.040000	0.040050	0.000000
0.040000	0.040035	0.000000
0.040000	0.040025	0.000000
0.040000	0.040017	0.000000
0.040000	0.040012	0.000000
0.040000	0.040008	0.000000
0.040000	0.040005	0.000000
0.040000	0.040003	0.000000
0.040000	0.040002	0.000000
0.050000	0.066340	0.048559
0.050000	0.066745	0.048390
0.050000	0.914701	0.000000
0.050000	0.737611	0.000000
0.050000	0.600425	0.000000
0.050000	0.493258	0.000000
0.050000	0.408829	0.000000
0.050000	0.341777	0.000000
0.050000	0.288136	0.000000
0.050000	0.244947	0.000000
0.050000	0.209977	0.000000
0.050000	0.181523	0.000000
0.050000	0.158273	0.000000
0.050000	0.139209	0.000000
0.050000	0.123537	0.000000
0.050000	0.110633	0.000000
0.050000	0.091236	0.000000
0.050000	0.084011	0.000000
0.050000	0.100000	0.000000
0.050000	0.078051	0.000000
0.050000	0.073129	0.000000
0.050000	0.069058	0.000000
0.050000	0.065687	0.000000
0.050000	0.062893	0.000000
0.050000	0.060577	0.000000
0.050000	0.058657	0.000000
0.050000	0.057066	0.000000
0.050000	0.055750	0.000000
0.050000	0.054663	0.000000
0.050000	0.053767	0.000000
0.050000	0.053030	0.000000
0.050000	0.052427	0.000000
0.050000	0.051933	0.000000
0.050000	0.051532	0.000000
0.050000	0.051207	0.000000
0.050000	0.050946	0.000000
0.050000	0.050736	0.000000
0.050000	0.050568	0.000000
0.050000	0.050435	0.000000
0.050000	0.050331	0.000000
0.050000	0.050250	0.000000
0.050000	0.050186	0.000000
0.050000	0.050138	0.000000
0.050000	0.050101	0.000000
0.050000	0.050073	0.000000
0.050000	0.050052	0.000000
0.050000	0.050037	0.000000
0.050000	0.050026	0.000000
0.050000	0.050017	0.000000
0.050000	0.050012	0.000000
0.050000	0.050005	0.000000
0.050000	0.050008	0.000000
0.050000	0.820342	0.000000
0.050000	0.664597	0.000000
0.050000	0.543454	0.000000
0.050000	0.448427	0.000000
0.050000	0.373266	0.000000
0.050000	0.313361	0.000000
0.050000	0.265284	0.000000
0.050000	0.226466	0.000000
0.050000	0.194958	0.000000
0.050000	0.169266	0.000000
0.050000	0.148236	0.000000
0.050000	0.130968	0.000000
0.050000	0.116761	0.000000
0.050000	0.105056	0.000000
0.050000	0.095409	0.000000
0.050000	0.087457	0.000000
0.050000	0.080898	0.000000
0.050000	0.075483	0.000000
0.050000	0.071007	0.000000
0.050000	0.067302	0.000000
0.050000	0.064233	0.000000
0.050000	0.061688	0.000000
0.050000	0.059578	0.000000
0.050000	0.057830	0.000000
0.050000	0.056382	0.000000
0.050000	0.055185	0.000000
0.050000	0.054197	0.000000
0.050000	0.053384	0.000000
0.050000	0.052716	0.000000
0.050000	0.052170	0.000000
0.050000	0.051725	0.000000
0.050000	0.051363	0.000000
0.050000	0.051071	0.000000
0.050000	0.050836	0.000000
0.050000	0.050648	0.000000
0.050000	0.050499	0.000000
0.050000	0.050381	0.000000
0.050000	0.050289	0.000000
0.050000	0.050217	0.000000
0.050000	0.050161	0.000000
0.050000	0.050119	0.000000
0.050000	0.050086	0.000000
0.050000	0.050062	0.000000
0.050000	0.050044	0.000000
0.050000	0.050031	0.000000
0.050000	0.050021	0.000000
0.050000	0.050015	0.000000
0.050000	0.050010	0.000000
0.050000	0.050006	0.000000
0.050000	0.050004	0.000000
0.050000	0.050003	0.000000
0.060000	0.080070	0.058829
0.060000	0.080554	0.058606
0.060000	0.894020	0.000000
0.060000	0.726403	0.000000
0.060000	0.595701	0.000000
0.060000	0.492985	0.000000
0.060000	0.411621	0.000000
0.060000	0.346685	0.000000
0.060000	0.294505	0.000000
0.060000	0.252320	0.000000
0.060000	0.218036	0.000000
0.060000	0.190049	0.000000
0.060000	0.167117	0.000000
0.060000	0.148276	0.000000
0.060000	0.132771	0.000000
0.060000	0.109478	0.000000
0.060000	0.100807	0.000000
0.060000	0.120000	0.000000
0.060000	0.093655	0.000000
0.060000	0.087749	0.000000
0.060000	0.082865	0.000000
0.060000	0.078821	0.000000
0.060000	0.075469	0.000000
0.060000	0.072690	0.000000
0.060000	0.070387	0.000000
0.060000	0.068478	0.000000
0.060000	0.066899	0.000000
0.060000	0.065595	0.000000
0.060000	0.064520	0.000000
0.060000	0.063636	0.000000
0.060000	0.062912	0.000000
0.060000	0.062320	0.000000
0.060000	0.061839	0.000000
0.060000	0.061449	0.000000
0.060000	0.061135	0.000000
0.060000	0.060883	0.000000
0.060000	0.060682	0.000000
0.060000	0.060523	0.000000
0.060000	0.060397	0.000000
0.060000	0.060300	0.000000
0.060000	0.060224	0.000000
0.060000	0.060165	0.000000
0.060000	0.060121	0.000000
0.060000	0.060088	0.000000
0.060000	0.060063	0.000000
0.060000	0.060044	0.000000
0.060000	0.060031	0.000000
0.060000	0.060021	0.000000
0.060000	0.060014	0.000000
0.060000	0.060006	0.000000
0.060000	0.060009	0.000000
0.060000	0.995229	0.000000
0.060000	0.804856	0.000000
0.060000	0.656952	0.000000
0.060000	0.541180	0.000000
0.060000	0.449845	0.000000
0.060000	0.377230	0.000000
0.060000	0.319081	0.000000
0.060000	0.272214	0.000000
0.060000	0.234226	0.000000
0.060000	0.203283	0.000000
0.060000	0.177975	0.000000
0.060000	0.157210	0.000000
0.060000	0.140133	0.000000
0.060000	0.126072	0.000000
0.060000	0.114488	0.000000
0.060000	0.104942	0.000000
0.060000	0.097070	0.000000
0.060000	0.090573	0.000000
0.060000	0.085203	0.000000
0.060000	0.080759	0.000000
0.060000	0.077076	0.000000
0.060000	0.074024	0.000000
0.060000	0.071492	0.000000
0.060000	0.069394	0.000000
0.060000	0.067657	0.000000
0.060000	0.066221	0.000000
0.060000	0.065036	0.000000
0.060000	0.064060	0.000000
0.060000	0.063259	0.000000
0.060000	0.062604	0.000000
0.060000	0.062069	0.000000
0.060000	0.061636	0.000000
0.060000	0.061285	0.000000
0.060000	0.061003	0.000000
0.060000	0.060778	0.000000
0.060000	0.060599	0.000000
0.060000	0.060457	0.000000
0.060000	0.060346	0.000000
0.060000	0.060260	0.000000
0.060000	0.060193	0.000000
0.060000	0.060142	0.000000
0.060000	0.060104	0.000000
0.060000	0.060075	0.000000
0.060000	0.060053	0.000000
0.060000	0.060037	0.000000
0.060000	0.060026	0.000000
0.060000	0.060017	0.000000
0.060000	0.060012	0.000000
0.060000	0.060008	0.000000
0.060000	0.060005	0.000000
0.060000	0.060003	0.000000
0.070000	0.094094	0.069411
0.070000	0.094653	0.069123
0.070000	0.854421	0.000000
0.070000	0.699643	0.000000
0.070000	0.578184	0.000000
0.070000	0.482163	0.000000
0.070000	0.405688	0.000000
0.070000	0.344352	0.000000
0.070000	0.294844	0.000000
0.070000	0.254661	0.000000
0.070000	0.221890	0.000000
0.070000	0.195061	0.000000
0.070000	0.173033	0.000000
0.070000	0.154915	0.000000
0.070000	0.127717	0.000000
0.070000	0.117599	0.000000
0.070000	0.140000	0.000000
0.070000	0.109255	0.000000
0.070000	0.102366	0.000000
0.070000	0.096669	0.000000
0.070000	0.091953	0.000000
0.070000	0.088043	0.000000
0.070000	0.084802	0.000000
0.070000	0.082116	0.000000
0.070000	0.079890	0.000000
0.070000	0.078048	0.000000
0.070000	0.076527	0.000000
0.070000	0.075272	0.000000
0.070000	0.074241	0.000000
0.070000	0.073396	0.000000
0.070000	0.072706	0.000000
0.070000	0.072145	0.000000
0.070000	0.071690	0.000000
0.070000	0.071323	0.000000
0.070000	0.071030	0.000000
0.070000	0.070795	0.000000
0.070000	0.070610	0.000000
0.070000	0.070464	0.000000
0.070000	0.070349	0.000000
0.070000	0.070261	0.000000
0.070000	0.070193	0.000000
0.070000	0.070141	0.000000
0.070000	0.070102	0.000000
0.070000	0.070073	0.000000
0.070000	0.070052	0.000000
0.070000	0.070036	0.000000
0.070000	0.070024	0.000000
0.070000	0.070016	0.000000
0.070000	0.070007	0.000000
0.070000	0.070011	0.000000
0.070000	0.947422	0.000000
0.070000	0.772210	0.000000
0.070000	0.635197	0.000000
0.070000	0.527289	0.000000
0.070000	0.441671	0.000000
0.070000	0.373246	0.000000
0.070000	0.318195	0.000000
0.070000	0.273638	0.000000
0.070000	0.237387	0.000000
0.070000	0.207765	0.000000
0.070000	0.183478	0.000000
0.070000	0.163517	0.000000
0.070000	0.147091	0.000000
0.070000	0.133565	0.000000
0.070000	0.122423	0.000000
0.070000	0.113239	0.000000
0.070000	0.105660	0.000000
0.070000	0.099396	0.000000
0.070000	0.094213	0.000000
0.070000	0.089918	0.000000
0.070000	0.086357	0.000000
0.070000	0.083405	0.000000
0.070000	0.080958	0.000000
0.070000	0.078932	0.000000
0.070000	0.077257	0.000000
0.070000	0.075874	0.000000
0.070000	0.074736	0.000000
0.070000	0.073802	0.000000
0.070000	0.073037	0.000000
0.070000	0.072414	0.000000
0.070000	0.071908	0.000000
0.070000	0.071499	0.000000
0.070000	0.071170	0.000000
0.070000	0.070907	0.000000
0.070000	0.070698	0.000000
0.070000	0.070533	0.000000
0.070000	0.070404	0.000000
0.070000	0.070303	0.000000
0.070000	0.070226	0.000000
0.070000	0.070166	0.000000
0.070000	0.070121	0.000000
0.070000	0.070087	0.000000
0.070000	0.070062	0.000000
0.070000	0.070043	0.000000
0.070000	0.070030	0.000000
0.070000	0.070020	0.000000
0.070000	0.070014	0.000000
0.070000	0.070009	0.000000
0.070000	0.070006	0.000000
0.070000	0.070004	0.000000
0.080000	0.108498	0.080359
0.080000	0.109129	0.079993
0.080000	0.984232	0.000000
0.080000	0.804998	0.000000
0.080000	0.664426	0.000000
0.080000	0.553436	0.000000
0.080000	0.465184	0.000000
0.080000	0.394522	0.000000
0.080000	0.337575	0.000000
0.080000	0.291414	0.000000
0.080000	0.253809	0.000000
0.080000	0.223048	0.000000
0.080000	0.197811	0.000000
0.080000	0.177067	0.000000
0.080000	0.145953	0.000000
0.080000	0.134386	0.000000
0.080000	0.160000	0.000000
0.080000	0.124851	0.000000
0.080000	0.116980	0.000000
0.080000	0.110471	0.000000
0.080000	0.105082	0.000000
0.080000	0.100616	0.000000
0.080000	0.096913	0.000000
0.080000	0.093844	0.000000
0.080000	0.091300	0.000000
0.080000	0.089196	0.000000
0.080000	0.087458	0.000000
0.080000	0.086025	0.000000
0.080000	0.084847	0.000000
0.080000	0.083881	0.000000
0.080000	0.083092	0.000000
0.080000	0.082451	0.000000
0.080000	0.081931	0.000000
0.080000	0.081512	0.000000
0.080000	0.081176	0.000000
0.080000	0.080909	0.000000
0.080000	0.080697	0.000000
0.080000	0.080530	0.000000
0.080000	0.080399	0.000000
0.080000	0.080298	0.000000
0.080000	0.080221	0.000000
0.080000	0.080161	0.000000
0.080000	0.080117	0.000000
0.080000	0.080083	0.000000
0.080000	0.080059	0.000000
0.080000	0.080041	0.000000
0.080000	0.080028	0.000000
0.080000	0.080019	0.000000
0.080000	0.080008	0.000000
0.080000	0.080012	0.000000
0.080000	0.889067	0.000000
0.080000	0.730437	0.000000
0.080000	0.605614	0.000000
0.080000	0.506720	0.000000
0.080000	0.427817	0.000000
0.080000	0.364439	0.000000
0.080000	0.313216	0.000000
0.080000	0.271592	0.000000
0.080000	0.237613	0.000000
0.080000	0.209776	0.000000
0.080000	0.186914	0.000000
0.080000	0.168113	0.000000
0.080000	0.152640	0.000000
0.080000	0.139900	0.000000
0.080000	0.129403	0.000000
0.080000	0.120743	0.000000
0.080000	0.113587	0.000000
0.080000	0.107664	0.000000
0.080000	0.102758	0.000000
0.080000	0.098690	0.000000
0.080000	0.095317	0.000000
0.080000	0.092521	0.000000
0.080000	0.090206	0.000000
0.080000	0.088292	0.000000
0.080000	0.086713	0.000000
0.080000	0.085412	0.000000
0.080000	0.084344	0.000000
0.080000	0.083471	0.000000
0.080000	0.082758	0.000000
0.080000	0.082180	0.000000
0.080000	0.081713	0.000000
0.080000	0.081337	0.000000
0.080000	0.081037	0.000000
0.080000	0.080798	0.000000
0.080000	0.080610	0.000000
0.080000	0.080462	0.000000
0.080000	0.080347	0.000000
0.080000	0.080258	0.000000
0.080000	0.080190	0.000000
0.080000	0.080138	0.000000
0.080000	0.080099	0.000000
0.080000	0.080071	0.000000
0.080000	0.080050	0.000000
0.080000	0.080034	0.000000
0.080000	0.080023	0.000000
0.080000	0.080015	0.000000
0.080000	0.080010	0.000000
0.080000	0.080006	0.000000
0.080000	0.080005	0.000000
0.090000	0.123395	0.091724
0.090000	0.124087	0.091264
0.090000	0.911634	0.000000
0.090000	0.751671	0.000000
0.090000	0.625448	0.000000
0.090000	0.525198	0.000000
0.090000	0.445042	0.000000
0.090000	0.380535	0.000000
0.090000	0.328312	0.000000
0.090000	0.285814	0.000000
0.090000	0.251083	0.000000
0.090000	0.222612	0.000000
0.090000	0.199226	0.000000
0.090000	0.164185	0.000000
0.090000	0.151169	0.000000
0.090000	0.180000	0.000000
0.090000	0.140442	0.000000
0.090000	0.131589	0.000000
0.090000	0.124270	0.000000
0.090000	0.118210	0.000000
0.090000	0.113187	0.000000
0.090000	0.109023	0.000000
0.090000	0.105570	0.000000
0.090000	0.102710	0.000000
0.090000	0.100343	0.000000
0.090000	0.098388	0.000000
0.090000	0.096777	0.000000
0.090000	0.095452	0.000000
0.090000	0.094366	0.000000
0.090000	0.093479	0.000000
0.090000	0.092757	0.000000
0.090000	0.092172	0.000000
0.090000	0.091701	0.000000
0.090000	0.091323	0.000000
0.090000	0.091022	0.000000
0.090000	0.090784	0.000000
0.090000	0.090596	0.000000
0.090000	0.090449	0.000000
0.090000	0.090336	0.000000
0.090000	0.090248	0.000000
0.090000	0.090182	0.000000
0.090000	0.090131	0.000000
0.090000	0.090094	0.000000
0.090000	0.090066	0.000000
0.090000	0.090046	0.000000
0.090000	0.090031	0.000000
0.090000	0.090021	0.000000
0.090000	0.090009	0.000000
0.090000	0.090014	0.000000
0.090000	0.826814	0.000000
0.090000	0.684807	0.000000
0.090000	0.572394	0.000000
0.090000	0.482819	0.000000
0.090000	0.410971	0.000000
0.090000	0.352980	0.000000
0.090000	0.305912	0.000000
0.090000	0.267528	0.000000
0.090000	0.236110	0.000000
0.090000	0.210327	0.000000
0.090000	0.189138	0.000000
0.090000	0.171712	0.000000
0.090000	0.157373	0.000000
0.090000	0.145563	0.000000
0.090000	0.135821	0.000000
0.090000	0.127773	0.000000
0.090000	0.121113	0.000000
0.090000	0.115595	0.000000
0.090000	0.111021	0.000000
0.090000	0.107227	0.000000
0.090000	0.104083	0.000000
0.090000	0.101480	0.000000
0.090000	0.099327	0.000000
0.090000	0.097550	0.000000
0.090000	0.096087	0.000000
0.090000	0.094887	0.000000
0.090000	0.093904	0.000000
0.090000	0.093103	0.000000
0.090000	0.092452	0.000000
0.090000	0.091927	0.000000
0.090000	0.091504	0.000000
0.090000	0.091166	0.000000
0.090000	0.090898	0.000000
0.090000	0.090686	0.000000
0.090000	0.090519	0.000000
0.090000	0.090390	0.000000
0.090000	0.090290	0.000000
0.090000	0.090213	0.000000
0.090000	0.090155	0.000000
0.090000	0.090112	0.000000
0.090000	0.090080	0.000000
0.090000	0.090056	0.000000
0.090000	0.090038	0.000000
0.090000	0.090026	0.000000
0.090000	0.090017	0.000000
0.090000	0.090011	0.000000
0.090000	0.090007	0.000000
0.090000	0.090005	0.000000
0.100000	0.138924	0.103549
0.100000	0.139665	0.102977
0.100000	0.839851	0.000000
0.100000	0.698185	0.000000
0.100000	0.585744	0.000000
0.100000	0.495933	0.000000
0.100000	0.423743	0.000000
0.100000	0.365370	0.000000
0.100000	0.317917	0.000000
0.100000	0.279174	0.000000
0.100000	0.247440	0.000000
0.100000	0.221396	0.000000
0.100000	0.182413	0.000000
0.100000	0.167946	0.000000
0.100000	0.200000	0.000000
0.100000	0.156028	0.000000
0.100000	0.146194	0.000000
0.100000	0.138065	0.000000
0.100000	0.131334	0.000000
0.100000	0.125756	0.000000
0.100000	0.121131	0.000000
0.100000	0.117296	0.000000
0.100000	0.114119	0.000000
0.100000	0.111490	0.000000
0.100000	0.109318	0.000000
0.100000	0.107528	0.000000
0.100000	0.106056	0.000000
0.100000	0.104850	0.000000
0.100000	0.103864	0.000000
0.100000	0.103063	0.000000
0.100000	0.102413	0.000000
0.100000	0.101890	0.000000
0.100000	0.101470	0.000000
0.100000	0.101136	0.000000
0.100000	0.100871	0.000000
0.100000	0.100662	0.000000
0.100000	0.100499	0.000000
0.100000	0.100373	0.000000
0.100000	0.100276	0.000000
0.100000	0.100202	0.000000
0.100000	0.100146	0.000000
0.100000	0.100104	0.000000
0.100000	0.100074	0.000000
0.100000	0.100051	0.000000
0.100000	0.100035	0.000000
0.100000	0.100023	0.000000
0.100000	0.100010	0.000000
0.100000	0.100015	0.000000
0.100000	0.924223	0.000000
0.100000	0.764827	0.000000
0.100000	0.638694	0.000000
0.100000	0.538270	0.000000
0.100000	0.457810	0.000000
0.100000	0.392946	0.000000
0.100000	0.340360	0.000000
0.100000	0.297519	0.000000
0.100000	0.262483	0.000000
0.100000	0.233757	0.000000
0.100000	0.210167	0.000000
0.100000	0.190782	0.000000
0.100000	0.174840	0.000000
0.100000	0.161716	0.000000
0.100000	0.150895	0.000000
0.100000	0.141955	0.000000
0.100000	0.134559	0.000000
0.100000	0.128430	0.000000
0.100000	0.123349	0.000000
0.100000	0.119136	0.000000
0.100000	0.115644	0.000000
0.100000	0.112752	0.000000
0.100000	0.110361	0.000000
0.100000	0.108387	0.000000
0.100000	0.106762	0.000000
0.100000	0.105428	0.000000
0.100000	0.104337	0.000000
0.100000	0.103447	0.000000
0.100000	0.102724	0.000000
0.100000	0.102141	0.000000
0.100000	0.101671	0.000000
0.100000	0.101296	0.000000
0.100000	0.100997	0.000000
0.100000	0.100762	0.000000
0.100000	0.100577	0.000000
0.100000	0.100433	0.000000
0.100000	0.100322	0.000000
0.100000	0.100237	0.000000
0.100000	0.100173	0.000000
0.100000	0.100124	0.000000
0.100000	0.100088	0.000000
0.100000	0.100062	0.000000
0.100000	0.100043	0.000000
0.100000	0.100029	0.000000
0.100000	0.100019	0.000000
0.100000	0.100013	0.000000
0.100000	0.100008	0.000000
0.100000	0.100006	0.000000
0.110000	0.155261	0.115850
0.110000	0.156030	0.115150
0.110000	0.928882	0.000000
0.110000	0.771616	0.000000
0.110000	0.646820	0.000000
0.110000	0.547209	0.000000
0.110000	0.467218	0.000000
0.110000	0.402603	0.000000
0.110000	0.350130	0.000000
0.110000	0.307327	0.000000
0.110000	0.272299	0.000000
0.110000	0.243576	0.000000
0.110000	0.200636	0.000000
0.110000	0.184716	0.000000
0.110000	0.220000	0.000000
0.110000	0.171608	0.000000
0.110000	0.160794	0.000000
0.110000	0.151856	0.000000
0.110000	0.144455	0.000000
0.110000	0.138322	0.000000
0.110000	0.133237	0.000000
0.110000	0.129020	0.000000
0.110000	0.125527	0.000000
0.110000	0.122636	0.000000
0.110000	0.120248	0.000000
0.110000	0.118279	0.000000
0.110000	0.116660	0.000000
0.110000	0.115334	0.000000
0.110000	0.114250	0.000000
0.110000	0.113368	0.000000
0.110000	0.112654	0.000000
0.110000	0.112079	0.000000
0.110000	0.111617	0.000000
0.110000	0.111249	0.000000
0.110000	0.110957	0.000000
0.110000	0.110728	0.000000
0.110000	0.110549	0.000000
0.110000	0.110410	0.000000
0.110000	0.110303	0.000000
0.110000	0.110222	0.000000
0.110000	0.110161	0.000000
0.110000	0.110115	0.000000
0.110000	0.110081	0.000000
0.110000	0.110056	0.000000
0.110000	0.110038	0.000000
0.110000	0.110026	0.000000
0.110000	0.110011	0.000000
0.110000	0.110017	0.000000
0.110000	0.845619	0.000000
0.110000	0.705604	0.000000
0.110000	0.594177	0.000000
0.110000	0.504973	0.000000
0.110000	0.433131	0.000000
0.110000	0.374948	0.000000
0.110000	0.327593	0.000000
0.110000	0.288902	0.000000
0.110000	0.257206	0.000000
0.110000	0.231201	0.000000
0.110000	0.209848	0.000000
0.110000	0.192302	0.000000
0.110000	0.177864	0.000000
0.110000	0.165963	0.000000
0.110000	0.156133	0.000000
0.110000	0.148000	0.000000
0.110000	0.141263	0.000000
0.110000	0.135676	0.000000
0.110000	0.131044	0.000000
0.110000	0.127204	0.000000
0.110000	0.124024	0.000000
0.110000	0.121394	0.000000
0.110000	0.119224	0.000000
0.110000	0.117437	0.000000
0.110000	0.115970	0.000000
0.110000	0.114770	0.000000
0.110000	0.113791	0.000000
0.110000	0.112996	0.000000
0.110000	0.112354	0.000000
0.110000	0.111838	0.000000
0.110000	0.111425	0.000000
0.110000	0.111097	0.000000
0.110000	0.110838	0.000000
0.110000	0.110635	0.000000
0.110000	0.110476	0.000000
0.110000	0.110354	0.000000
0.110000	0.110261	0.000000
0.110000	0.110190	0.000000
0.110000	0.110137	0.000000
0.110000	0.110097	0.000000
0.110000	0.110068	0.000000
0.110000	0.110047	0.000000
0.110000	0.110032	0.000000
0.110000	0.110021	0.000000
0.110000	0.110014	0.000000
0.110000	0.110009	0.000000
0.110000	0.110006	0.000000
0.120000	0.172619	0.128608
0.120000	0.173388	0.127765
0.120000	0.845697	0.000000
0.120000	0.708418	0.000000
0.120000	0.598879	0.000000
0.120000	0.510973	0.000000
0.120000	0.440025	0.000000
0.120000	0.382461	0.000000
0.120000	0.335549	0.000000
0.120000	0.297192	0.000000
0.120000	0.265769	0.000000
0.120000	0.218853	0.000000
0.120000	0.201480	0.000000
0.120000	0.240000	0.000000
0.120000	0.187182	0.000000
0.120000	0.175389	0.000000
0.120000	0.165642	0.000000
0.120000	0.157574	0.000000
0.120000	0.150886	0.000000
0.120000	0.145341	0.000000
0.120000	0.140743	0.000000
0.120000	0.136934	0.000000
0.120000	0.133781	0.000000
0.120000	0.131177	0.000000
0.120000	0.129030	0.000000
0.120000	0.127264	0.000000
0.120000	0.125817	0.000000
0.120000	0.124635	0.000000
0.120000	0.123674	0.000000
0.120000	0.122895	0.000000
0.120000	0.122267	0.000000
0.120000	0.121764	0.000000
0.120000	0.121362	0.000000
0.120000	0.121044	0.000000
0.120000	0.120794	0.000000
0.120000	0.120599	0.000000
0.120000	0.120447	0.000000
0.120000	0.120331	0.000000
0.120000	0.120242	0.000000
0.120000	0.120175	0.000000
0.120000	0.120125	0.000000
0.120000	0.120088	0.000000
0.120000	0.120061	0.000000
0.120000	0.120042	0.000000
0.120000	0.120028	0.000000
0.120000	0.120012	0.000000
0.120000	0.120018	0.000000
0.120000	0.927115	0.000000
0.120000	0.773100	0.000000
0.120000	0.650541	0.000000
0.120000	0.552471	0.000000
0.120000	0.473550	0.000000
0.120000	0.409689	0.000000
0.120000	0.357761	0.000000
0.120000	0.315371	0.000000
0.120000	0.280677	0.000000
0.120000	0.252240	0.000000
0.120000	0.228912	0.000000
0.120000	0.209756	0.000000
0.120000	0.194004	0.000000
0.120000	0.181024	0.000000
0.120000	0.170306	0.000000
0.120000	0.161438	0.000000
0.120000	0.154092	0.000000
0.120000	0.148001	0.000000
0.120000	0.142949	0.000000
0.120000	0.138762	0.000000
0.120000	0.135294	0.000000
0.120000	0.132427	0.000000
0.120000	0.130060	0.000000
0.120000	0.128111	0.000000
0.120000	0.126511	0.000000
0.120000	0.125202	0.000000
0.120000	0.124135	0.000000
0.120000	0.123268	0.000000
0.120000	0.122568	0.000000
0.120000	0.122005	0.000000
0.120000	0.121554	0.000000
0.120000	0.121196	0.000000
0.120000	0.120914	0.000000
0.120000	0.120692	0.000000
0.120000	0.120520	0.000000
0.120000	0.120386	0.000000
0.120000	0.120284	0.000000
0.120000	0.120207	0.000000
0.120000	0.120149	0.000000
0.120000	0.120106	0.000000
0.120000	0.120074	0.000000
0.120000	0.120051	0.000000
0.120000	0.120035	0.000000
0.120000	0.120023	0.000000
0.120000	0.120015	0.000000
0.120000	0.120009	0.000000
0.120000	0.120007	0.000000
0.130000	0.191242	0.141741
0.130000	0.191976	0.140748
0.130000	0.920376	0.000000
0.130000	0.770518	0.000000
0.130000	0.650943	0.000000
0.130000	0.555019	0.000000
0.130000	0.477650	0.000000
0.130000	0.414924	0.000000
0.130000	0.363848	0.000000
0.130000	0.322124	0.000000
0.130000	0.287975	0.000000
0.130000	0.237065	0.000000
0.130000	0.218237	0.000000
0.130000	0.260000	0.000000
0.130000	0.202748	0.000000
0.130000	0.189978	0.000000
0.130000	0.179424	0.000000
0.130000	0.170688	0.000000
0.130000	0.163447	0.000000
0.130000	0.157443	0.000000
0.130000	0.152464	0.000000
0.130000	0.148339	0.000000
0.130000	0.144925	0.000000
0.130000	0.142105	0.000000
0.130000	0.139780	0.000000
0.130000	0.137868	0.000000
0.130000	0.136301	0.000000
0.130000	0.135021	0.000000
0.130000	0.133979	0.000000
0.130000	0.133136	0.000000
0.130000	0.132456	0.000000
0.130000	0.131910	0.000000
0.130000	0.131476	0.000000
0.130000	0.131131	0.000000
0.130000	0.130860	0.000000
0.130000	0.130648	0.000000
0.130000	0.130484	0.000000
0.130000	0.130358	0.000000
0.130000	0.130262	0.000000
0.130000	0.130190	0.000000
0.130000	0.130136	0.000000
0.130000	0.130096	0.000000
0.130000	0.130066	0.000000
0.130000	0.130045	0.000000
0.130000	0.130030	0.000000
0.130000	0.130013	0.000000
0.130000	0.130020	0.000000
0.130000	0.841145	0.000000
0.130000	0.707352	0.000000
0.130000	0.600312	0.000000
0.130000	0.514215	0.000000
0.130000	0.444596	0.000000
0.130000	0.388031	0.000000
0.130000	0.341896	0.000000
0.130000	0.304173	0.000000
0.130000	0.273285	0.000000
0.130000	0.247971	0.000000
0.130000	0.227204	0.000000
0.130000	0.210137	0.000000
0.130000	0.196080	0.000000
0.130000	0.184473	0.000000
0.130000	0.174872	0.000000
0.130000	0.166918	0.000000
0.130000	0.160322	0.000000
0.130000	0.154853	0.000000
0.130000	0.150319	0.000000
0.130000	0.146564	0.000000
0.130000	0.143458	0.000000
0.130000	0.140895	0.000000
0.130000	0.138785	0.000000
0.130000	0.137052	0.000000
0.130000	0.135634	0.000000
0.130000	0.134478	0.000000
0.130000	0.133540	0.000000
0.130000	0.132781	0.000000
0.130000	0.132171	0.000000
0.130000	0.131683	0.000000
0.130000	0.131296	0.000000
0.130000	0.130990	0.000000
0.130000	0.130750	0.000000
0.130000	0.130563	0.000000
0.130000	0.130419	0.000000
0.130000	0.130308	0.000000
0.130000	0.130224	0.000000
0.130000	0.130162	0.000000
0.130000	0.130115	0.000000
0.130000	0.130080	0.000000
0.130000	0.130056	0.000000
0.130000	0.130038	0.000000
0.130000	0.130025	0.000000
0.130000	0.130016	0.000000
0.130000	0.130010	0.000000
0.130000	0.130007	0.000000
0.140000	0.211384	0.155082
0.140000	0.212044	0.153942
0.140000	0.995598	0.000000
0.140000	0.833093	0.000000
0.140000	0.703397	0.000000
0.140000	0.599365	0.000000
0.140000	0.515489	0.000000
0.140000	0.447529	0.000000
0.140000	0.392231	0.000000
0.140000	0.347097	0.000000
0.140000	0.310196	0.000000
0.140000	0.255270	0.000000
0.140000	0.234985	0.000000
0.140000	0.280000	0.000000
0.140000	0.218307	0.000000
0.140000	0.204560	0.000000
0.140000	0.193201	0.000000
0.140000	0.183799	0.000000
0.140000	0.176005	0.000000
0.140000	0.169543	0.000000
0.140000	0.164184	0.000000
0.140000	0.159743	0.000000
0.140000	0.156068	0.000000
0.140000	0.153032	0.000000
0.140000	0.150529	0.000000
0.140000	0.148471	0.000000
0.140000	0.146784	0.000000
0.140000	0.145405	0.000000
0.140000	0.144284	0.000000
0.140000	0.143376	0.000000
0.140000	0.142644	0.000000
0.140000	0.142057	0.000000
0.140000	0.141589	0.000000
0.140000	0.141218	0.000000
0.140000	0.140926	0.000000
0.140000	0.140698	0.000000
0.140000	0.140522	0.000000
0.140000	0.140386	0.000000
0.140000	0.140282	0.000000
0.140000	0.140204	0.000000
0.140000	0.140146	0.000000
0.140000	0.140103	0.000000
0.140000	0.140072	0.000000
0.140000	0.140049	0.000000
0.140000	0.140033	0.000000
0.140000	0.140014	0.000000
0.140000	0.140021	0.000000
0.140000	0.909700	0.000000
0.140000	0.764596	0.000000
0.140000	0.648498	0.000000
0.140000	0.555137	0.000000
0.140000	0.479680	0.000000
0.140000	0.418412	0.000000
0.140000	0.368483	0.000000
0.140000	0.327696	0.000000
0.140000	0.294335	0.000000
0.140000	0.267027	0.000000
0.140000	0.244644	0.000000
0.140000	0.226262	0.000000
0.140000	0.211128	0.000000
0.140000	0.198635	0.000000
0.140000	0.188301	0.000000
0.140000	0.179740	0.000000
0.140000	0.172642	0.000000
0.140000	0.166755	0.000000
0.140000	0.161874	0.000000
0.140000	0.157832	0.000000
0.140000	0.154489	0.000000
0.140000	0.151730	0.000000
0.140000	0.149458	0.000000
0.140000	0.147593	0.000000
0.140000	0.146066	0.000000
0.140000	0.144821	0.000000
0.140000	0.143811	0.000000
0.140000	0.142994	0.000000
0.140000	0.142338	0.000000
0.140000	0.141813	0.000000
0.140000	0.141395	0.000000
0.140000	0.141066	0.000000
0.140000	0.140807	0.000000
0.140000	0.140606	0.000000
0.140000	0.140451	0.000000
0.140000	0.140332	0.000000
0.140000	0.140242	0.000000
0.140000	0.140174	0.000000
0.140000	0.140124	0.000000
0.140000	0.140087	0.000000
0.140000	0.140060	0.000000
0.140000	0.140041	0.000000
0.140000	0.140027	0.000000
0.140000	0.140018	0.000000
0.140000	0.140011	0.000000
0.140000	0.140008	0.000000
0.150000	0.233278	0.168369
0.150000	0.233825	0.167094
0.150000	0.896110	0.000000
0.150000	0.756230	0.000000
0.150000	0.644015	0.000000
0.150000	0.553554	0.000000
0.150000	0.480287	0.000000
0.150000	0.420707	0.000000
0.150000	0.372118	0.000000
0.150000	0.332434	0.000000
0.150000	0.273468	0.000000
0.150000	0.251724	0.000000
0.150000	0.300000	0.000000
0.150000	0.233858	0.000000
0.150000	0.219136	0.000000
0.150000	0.206973	0.000000
0.150000	0.196905	0.000000
0.150000	0.188560	0.000000
0.150000	0.181640	0.000000
0.150000	0.175901	0.000000
0.150000	0.171146	0.000000
0.150000	0.167210	0.000000
0.150000	0.163959	0.000000
0.150000	0.161278	0.000000
0.150000	0.159073	0.000000
0.150000	0.157266	0.000000
0.150000	0.155790	0.000000
0.150000	0.154589	0.000000
0.150000	0.153616	0.000000
0.150000	0.152832	0.000000
0.150000	0.152203	0.000000
0.150000	0.151702	0.000000
0.150000	0.151305	0.000000
0.150000	0.150992	0.000000
0.150000	0.150748	0.000000
0.150000	0.150559	0.000000
0.150000	0.150413	0.000000
0.150000	0.150302	0.000000
0.150000	0.150219	0.000000
0.150000	0.150156	0.000000
0.150000	0.150110	0.000000
0.150000	0.150077	0.000000
0.150000	0.150052	0.000000
0.150000	0.150035	0.000000
0.150000	0.150015	0.000000
0.150000	0.150023	0.000000
0.150000	0.978719	0.000000
0.150000	0.822252	0.000000
0.150000	0.697026	0.000000
0.150000	0.596323	0.000000
0.150000	0.514953	0.000000
0.150000	0.448917	0.000000
0.150000	0.395139	0.000000
0.150000	0.351250	0.000000
0.150000	0.315393	0.000000
0.150000	0.286077	0.000000
0.150000	0.262075	0.000000
0.150000	0.242378	0.000000
0.150000	0.226168	0.000000
0.150000	0.212791	0.000000
0.150000	0.201726	0.000000
0.150000	0.192559	0.000000
0.150000	0.184958	0.000000
0.150000	0.178654	0.000000
0.150000	0.173428	0.000000
0.150000	0.169099	0.000000
0.150000	0.165519	0.000000
0.150000	0.162564	0.000000
0.150000	0.160130	0.000000
0.150000	0.158133	0.000000
0.150000	0.156498	0.000000
0.150000	0.155165	0.000000
0.150000	0.154082	0.000000
0.150000	0.153207	0.000000
0.150000	0.152504	0.000000
0.150000	0.151942	0.000000
0.150000	0.151495	0.000000
0.150000	0.151142	0.000000
0.150000	0.150865	0.000000
0.150000	0.150649	0.000000
0.150000	0.150483	0.000000
0.150000	0.150355	0.000000
0.150000	0.150259	0.000000
0.150000	0.150186	0.000000
0.150000	0.150132	0.000000
0.150000	0.150093	0.000000
0.150000	0.150064	0.000000
0.150000	0.150044	0.000000
0.150000	0.150029	0.000000
0.150000	0.150019	0.000000
0.150000	0.150012	0.000000
0.150000	0.150008	0.000000
0.160000	0.257103	0.181246
0.160000	0.257499	0.179856
0.160000	0.959535	0.000000
0.160000	0.809428	0.000000
0.160000	0.688968	0.000000
0.160000	0.591853	0.000000
0.160000	0.513210	0.000000
0.160000	0.449285	0.000000
0.160000	0.397191	0.000000
0.160000	0.354690	0.000000
0.160000	0.291658	0.000000
0.160000	0.268454	0.000000
0.160000	0.320000	0.000000
0.160000	0.249400	0.000000
0.160000	0.233704	0.000000
0.160000	0.220739	0.000000
0.160000	0.210007	0.000000
0.160000	0.201112	0.000000
0.160000	0.193735	0.000000
0.160000	0.187617	0.000000
0.160000	0.182547	0.000000
0.160000	0.178351	0.000000
0.160000	0.174884	0.000000
0.160000	0.172026	0.000000
0.160000	0.169675	0.000000
0.160000	0.167748	0.000000
0.160000	0.166174	0.000000
0.160000	0.164894	0.000000
0.160000	0.163856	0.000000
0.160000	0.163020	0.000000
0.160000	0.162350	0.000000
0.160000	0.161815	0.000000
0.160000	0.161391	0.000000
0.160000	0.161058	0.000000
0.160000	0.160798	0.000000
0.160000	0.160596	0.000000
0.160000	0.160441	0.000000
0.160000	0.160323	0.000000
0.160000	0.160233	0.000000
0.160000	0.160167	0.000000
0.160000	0.160118	0.000000
0.160000	0.160082	0.000000
0.160000	0.160056	0.000000
0.160000	0.160037	0.000000
0.160000	0.160015	0.000000
0.160000	0.160024	0.000000
0.160000	0.880294	0.000000
0.160000	0.745888	0.000000
0.160000	0.637779	0.000000
0.160000	0.550426	0.000000
0.160000	0.479553	0.000000
0.160000	0.421870	0.000000
0.160000	0.374836	0.000000
0.160000	0.336459	0.000000
0.160000	0.305123	0.000000
0.160000	0.279498	0.000000
0.160000	0.258485	0.000000
0.160000	0.241200	0.000000
0.160000	0.226940	0.000000
0.160000	0.215145	0.000000
0.160000	0.205374	0.000000
0.160000	0.197272	0.000000
0.160000	0.190551	0.000000
0.160000	0.184979	0.000000
0.160000	0.180364	0.000000
0.160000	0.176548	0.000000
0.160000	0.173397	0.000000
0.160000	0.170802	0.000000
0.160000	0.168672	0.000000
0.160000	0.166929	0.000000
0.160000	0.165507	0.000000
0.160000	0.164353	0.000000
0.160000	0.163420	0.000000
0.160000	0.162670	0.000000
0.160000	0.162071	0.000000
0.160000	0.161594	0.000000
0.160000	0.161217	0.000000
0.160000	0.160922	0.000000
0.160000	0.160692	0.000000
0.160000	0.160515	0.000000
0.160000	0.160379	0.000000
0.160000	0.160276	0.000000
0.160000	0.160199	0.000000
0.160000	0.160141	0.000000
0.160000	0.160099	0.000000
0.160000	0.160068	0.000000
0.160000	0.160046	0.000000
0.160000	0.160031	0.000000
0.160000	0.160020	0.000000
0.160000	0.160013	0.000000
0.160000	0.160009	0.000000
0.170000	0.282954	0.193268
0.170000	0.283159	0.191796
0.170000	0.862969	0.000000
0.170000	0.734222	0.000000
0.170000	0.630395	0.000000
0.170000	0.546309	0.000000
0.170000	0.477975	0.000000
0.170000	0.422323	0.000000
0.170000	0.376968	0.000000
0.170000	0.309840	0.000000
0.170000	0.285174	0.000000
0.170000	0.340000	0.000000
0.170000	0.264933	0.000000
0.170000	0.248265	0.000000
0.170000	0.234499	0.000000
0.170000	0.223104	0.000000
0.170000	0.213660	0.000000
0.170000	0.205827	0.000000
0.170000	0.199331	0.000000
0.170000	0.193947	0.000000
0.170000	0.189491	0.000000
0.170000	0.185809	0.000000
0.170000	0.182773	0.000000
0.170000	0.180277	0.000000
0.170000	0.178230	0.000000
0.170000	0.176558	0.000000
0.170000	0.175198	0.000000
0.170000	0.174096	0.000000
0.170000	0.173208	0.000000
0.170000	0.172496	0.000000
0.170000	0.171928	0.000000
0.170000	0.171478	0.000000
0.170000	0.171124	0.000000
0.170000	0.170847	0.000000
0.170000	0.170633	0.000000
0.170000	0.170468	0.000000
0.170000	0.170343	0.000000
0.170000	0.170248	0.000000
0.170000	0.170177	0.000000
0.170000	0.170125	0.000000
0.170000	0.170087	0.000000
0.170000	0.170059	0.000000
0.170000	0.170040	0.000000
0.170000	0.170016	0.000000
0.170000	0.170026	0.000000
0.170000	0.938694	0.000000
0.170000	0.795075	0.000000
0.170000	0.679507	0.000000
0.170000	0.586108	0.000000
0.170000	0.510334	0.000000
0.170000	0.448685	0.000000
0.170000	0.398461	0.000000
0.170000	0.357533	0.000000
0.170000	0.324164	0.000000
0.170000	0.296910	0.000000
0.170000	0.274582	0.000000
0.170000	0.256224	0.000000
0.170000	0.241082	0.000000
0.170000	0.228559	0.000000
0.170000	0.218185	0.000000
0.170000	0.209582	0.000000
0.170000	0.202446	0.000000
0.170000	0.196529	0.000000
0.170000	0.191629	0.000000
0.170000	0.187575	0.000000
0.170000	0.184229	0.000000
0.170000	0.181474	0.000000
0.170000	0.179211	0.000000
0.170000	0.177360	0.000000
0.170000	0.175850	0.000000
0.170000	0.174624	0.000000
0.170000	0.173633	0.000000
0.170000	0.172837	0.000000
0.170000	0.172199	0.000000
0.170000	0.171693	0.000000
0.170000	0.171293	0.000000
0.170000	0.170980	0.000000
0.170000	0.170735	0.000000
0.170000	0.170547	0.000000
0.170000	0.170403	0.000000
0.170000	0.170293	0.000000
0.170000	0.170211	0.000000
0.170000	0.170150	0.000000
0.170000	0.170105	0.000000
0.170000	0.170073	0.000000
0.170000	0.170049	0.000000
0.170000	0.170033	0.000000
0.170000	0.170021	0.000000
0.170000	0.170013	0.000000
0.170000	0.170010	0.000000
0.180000	0.310793	0.203907
0.180000	0.310772	0.202403
0.180000	0.916832	0.000000
0.180000	0.779769	0.000000
0.180000	0.669182	0.000000
0.180000	0.579595	0.000000
0.180000	0.506788	0.000000
0.180000	0.447519	0.000000
0.180000	0.399268	0.000000
0.180000	0.328012	0.000000
0.180000	0.301882	0.000000
0.180000	0.360000	0.000000
0.180000	0.280456	0.000000
0.180000	0.262818	0.000000
0.180000	0.248253	0.000000
0.180000	0.236197	0.000000
0.180000	0.226204	0.000000
0.180000	0.217916	0.000000
0.180000	0.211042	0.000000
0.180000	0.205345	0.000000
0.180000	0.200629	0.000000
0.180000	0.196733	0.000000
0.180000	0.193520	0.000000
0.180000	0.190878	0.000000
0.180000	0.188711	0.000000
0.180000	0.186942	0.000000
0.180000	0.185502	0.000000
0.180000	0.184336	0.000000
0.180000	0.183396	0.000000
0.180000	0.182642	0.000000
0.180000	0.182041	0.000000
0.180000	0.181565	0.000000
0.180000	0.181190	0.000000
0.180000	0.180897	0.000000
0.180000	0.180670	0.000000
0.180000	0.180496	0.000000
0.180000	0.180363	0.000000
0.180000	0.180263	0.000000
0.180000	0.180188	0.000000
0.180000	0.180132	0.000000
0.180000	0.180092	0.000000
0.180000	0.180063	0.000000
0.180000	0.180017	0.000000
0.180000	0.180028	0.000000
0.180000	0.180042	0.000000
0.180000	0.997420	0.000000
0.180000	0.844569	0.000000
0.180000	0.721507	0.000000
0.180000	0.622009	0.000000
0.180000	0.541269	0.000000
0.180000	0.475592	0.000000
0.180000	0.422126	0.000000
0.180000	0.378616	0.000000
0.180000	0.343199	0.000000
0.180000	0.314311	0.000000
0.180000	0.290668	0.000000
0.180000	0.271239	0.000000
0.180000	0.255216	0.000000
0.180000	0.241967	0.000000
0.180000	0.230991	0.000000
0.180000	0.221889	0.000000
0.180000	0.214338	0.000000
0.180000	0.208078	0.000000
0.180000	0.202891	0.000000
0.180000	0.198602	0.000000
0.180000	0.195060	0.000000
0.180000	0.192144	0.000000
0.180000	0.189750	0.000000
0.180000	0.187790	0.000000
0.180000	0.186192	0.000000
0.180000	0.184894	0.000000
0.180000	0.183846	0.000000
0.180000	0.183003	0.000000
0.180000	0.182328	0.000000
0.180000	0.181792	0.000000
0.180000	0.181369	0.000000
0.180000	0.181037	0.000000
0.180000	0.180779	0.000000
0.180000	0.180579	0.000000
0.180000	0.180426	0.000000
0.180000	0.180310	0.000000
0.180000	0.180224	0.000000
0.180000	0.180159	0.000000
0.180000	0.180111	0.000000
0.180000	0.180077	0.000000
0.180000	0.180052	0.000000
0.180000	0.180035	0.000000
0.180000	0.180023	0.000000
0.180000	0.180014	0.000000
0.180000	0.180010	0.000000
0.190000	0.340383	0.212590
0.190000	0.340115	0.211129
0.190000	0.970991	0.000000
0.190000	0.825597	0.000000
0.190000	0.708218	0.000000
0.190000	0.613078	0.000000
0.190000	0.535734	0.000000
0.190000	0.472787	0.000000
0.190000	0.421594	0.000000
0.190000	0.346175	0.000000
0.190000	0.318579	0.000000
0.190000	0.380000	0.000000
0.190000	0.295968	0.000000
0.190000	0.277362	0.000000
0.190000	0.262000	0.000000
0.190000	0.249284	0.000000
0.190000	0.238745	0.000000
0.190000	0.230002	0.000000
0.190000	0.222751	0.000000
0.190000	0.216742	0.000000
0.190000	0.211767	0.000000
0.190000	0.207655	0.000000
0.190000	0.204265	0.000000
0.190000	0.201478	0.000000
0.190000	0.199192	0.000000
0.190000	0.197325	0.000000
0.190000	0.195806	0.000000
0.190000	0.194576	0.000000
0.190000	0.193583	0.000000
0.190000	0.192788	0.000000
0.190000	0.192154	0.000000
0.190000	0.191651	0.000000
0.190000	0.191256	0.000000
0.190000	0.190947	0.000000
0.190000	0.190707	0.000000
0.190000	0.190523	0.000000
0.190000	0.190383	0.000000
0.190000	0.190277	0.000000
0.190000	0.190198	0.000000
0.190000	0.190140	0.000000
0.190000	0.190097	0.000000
0.190000	0.190066	0.000000
0.190000	0.190044	0.000000
0.190000	0.190018	0.000000
0.190000	0.190029	0.000000
0.190000	0.894353	0.000000
0.190000	0.763773	0.000000
0.190000	0.658134	0.000000
0.190000	0.572371	0.000000
0.190000	0.502601	0.000000
0.190000	0.445839	0.000000
0.190000	0.399710	0.000000
0.190000	0.362227	0.000000
0.190000	0.331701	0.000000
0.190000	0.306742	0.000000
0.190000	0.286244	0.000000
0.190000	0.269344	0.000000
0.190000	0.255370	0.000000
0.190000	0.243793	0.000000
0.190000	0.234192	0.000000
0.190000	0.226228	0.000000
0.190000	0.219624	0.000000
0.190000	0.214153	0.000000
0.190000	0.209627	0.000000
0.190000	0.205891	0.000000
0.190000	0.202814	0.000000
0.190000	0.200288	0.000000
0.190000	0.198220	0.000000
0.190000	0.196534	0.000000
0.190000	0.195165	0.000000
0.190000	0.194058	0.000000
0.190000	0.193168	0.000000
0.190000	0.192457	0.000000
0.190000	0.191891	0.000000
0.190000	0.191445	0.000000
0.190000	0.191094	0.000000
0.190000	0.190822	0.000000
0.190000	0.190611	0.000000
0.190000	0.190450	0.000000
0.190000	0.190328	0.000000
0.190000	0.190236	0.000000
0.190000	0.190168	0.000000
0.190000	0.190118	0.000000
0.190000	0.190081	0.000000
0.190000	0.190055	0.000000
0.190000	0.190037	0.000000
0.190000	0.190024	0.000000
0.190000	0.190015	0.000000
0.190000	0.190011	0.000000
0.200000	0.371219	0.218822
0.200000	0.370724	0.217490
0.200000	0.871691	0.000000
0.200000	0.747501	0.000000
0.200000	0.646767	0.000000
0.200000	0.564827	0.000000
0.200000	0.498136	0.000000
0.200000	0.443948	0.000000
0.200000	0.364327	0.000000
0.200000	0.335264	0.000000
0.200000	0.400000	0.000000
0.200000	0.311469	0.000000
0.200000	0.291897	0.000000
0.200000	0.275740	0.000000
0.200000	0.262367	0.000000
0.200000	0.251281	0.000000
0.200000	0.242086	0.000000
0.200000	0.234458	0.000000
0.200000	0.228136	0.000000
0.200000	0.222902	0.000000
0.200000	0.218577	0.000000
0.200000	0.215010	0.000000
0.200000	0.212077	0.000000
0.200000	0.209673	0.000000
0.200000	0.207708	0.000000
0.200000	0.206110	0.000000
0.200000	0.204815	0.000000
0.200000	0.203771	0.000000
0.200000	0.202934	0.000000
0.200000	0.202266	0.000000
0.200000	0.201738	0.000000
0.200000	0.201321	0.000000
0.200000	0.200996	0.000000
0.200000	0.200744	0.000000
0.200000	0.200551	0.000000
0.200000	0.200403	0.000000
0.200000	0.200292	0.000000
0.200000	0.200208	0.000000
0.200000	0.200147	0.000000
0.200000	0.200102	0.000000
0.200000	0.200047	0.000000
0.200000	0.200019	0.000000
0.200000	0.200031	0.000000
0.200000	0.200070	0.000000
0.200000	0.944405	0.000000
0.200000	0.806298	0.000000
0.200000	0.694488	0.000000
0.200000	0.603651	0.000000
0.200000	0.529723	0.000000
0.200000	0.469603	0.000000
0.200000	0.420815	0.000000
0.200000	0.381248	0.000000
0.200000	0.349079	0.000000
0.200000	0.322805	0.000000
0.200000	0.301238	0.000000
0.200000	0.283463	0.000000
0.200000	0.268766	0.000000
0.200000	0.256590	0.000000
0.200000	0.246492	0.000000
0.200000	0.238115	0.000000
0.200000	0.231168	0.000000
0.200000	0.225412	0.000000
0.200000	0.220651	0.000000
0.200000	0.216720	0.000000
0.200000	0.213483	0.000000
0.200000	0.210825	0.000000
0.200000	0.208649	0.000000
0.200000	0.206875	0.000000
0.200000	0.205435	0.000000
0.200000	0.204270	0.000000
0.200000	0.203334	0.000000
0.200000	0.202585	0.000000
0.200000	0.201990	0.000000
0.200000	0.201520	0.000000
0.200000	0.201152	0.000000
0.200000	0.200865	0.000000
0.200000	0.200643	0.000000
0.200000	0.200473	0.000000
0.200000	0.200345	0.000000
0.200000	0.200248	0.000000
0.200000	0.200176	0.000000
0.200000	0.200124	0.000000
0.200000	0.200085	0.000000
0.200000	0.200058	0.000000
0.200000	0.200039	0.000000
0.200000	0.200025	0.000000
0.200000	0.200016	0.000000
0.200000	0.200011	0.000000
0.210000	0.402597	0.222362
0.210000	0.401938	0.221227
0.210000	0.918035	0.000000
0.210000	0.787026	0.000000
0.210000	0.680668	0.000000
0.210000	0.594078	0.000000
0.210000	0.523574	0.000000
0.210000	0.466335	0.000000
0.210000	0.382467	0.000000
0.210000	0.351935	0.000000
0.210000	0.420000	0.000000
0.210000	0.326959	0.000000
0.210000	0.306423	0.000000
0.210000	0.289473	0.000000
0.210000	0.275443	0.000000
0.210000	0.263813	0.000000
0.210000	0.254166	0.000000
0.210000	0.246163	0.000000
0.210000	0.239529	0.000000
0.210000	0.234037	0.000000
0.210000	0.229498	0.000000
0.210000	0.225755	0.000000
0.210000	0.222676	0.000000
0.210000	0.220153	0.000000
0.210000	0.218091	0.000000
0.210000	0.216413	0.000000
0.210000	0.215054	0.000000
0.210000	0.213958	0.000000
0.210000	0.213080	0.000000
0.210000	0.212379	0.000000
0.210000	0.211824	0.000000
0.210000	0.211387	0.000000
0.210000	0.211046	0.000000
0.210000	0.210781	0.000000
0.210000	0.210578	0.000000
0.210000	0.210423	0.000000
0.210000	0.210306	0.000000
0.210000	0.210219	0.000000
0.210000	0.210154	0.000000
0.210000	0.210107	0.000000
0.210000	0.210073	0.000000
0.210000	0.210049	0.000000
0.210000	0.210020	0.000000
0.210000	0.210032	0.000000
0.210000	0.994703	0.000000
0.210000	0.849070	0.000000
0.210000	0.731073	0.000000
0.210000	0.635119	0.000000
0.210000	0.556970	0.000000
0.210000	0.493426	0.000000
0.210000	0.441933	0.000000
0.210000	0.400261	0.000000
0.210000	0.366443	0.000000
0.210000	0.338854	0.000000
0.210000	0.316223	0.000000
0.210000	0.297574	0.000000
0.210000	0.282156	0.000000
0.210000	0.269383	0.000000
0.210000	0.258788	0.000000
0.210000	0.249999	0.000000
0.210000	0.242709	0.000000
0.210000	0.236670	0.000000
0.210000	0.231674	0.000000
0.210000	0.227549	0.000000
0.210000	0.224152	0.000000
0.210000	0.221362	0.000000
0.210000	0.219078	0.000000
0.210000	0.217216	0.000000
0.210000	0.215704	0.000000
0.210000	0.214482	0.000000
0.210000	0.213500	0.000000
0.210000	0.212714	0.000000
0.210000	0.212089	0.000000
0.210000	0.211596	0.000000
0.210000	0.211209	0.000000
0.210000	0.210908	0.000000
0.210000	0.210675	0.000000
0.210000	0.210497	0.000000
0.210000	0.210362	0.000000
0.210000	0.210261	0.000000
0.210000	0.210185	0.000000
0.210000	0.210130	0.000000
0.210000	0.210090	0.000000
0.210000	0.210061	0.000000
0.210000	0.210041	0.000000
0.210000	0.210026	0.000000
0.210000	0.210017	0.000000
0.210000	0.210012	0.000000
0.220000	0.433801	0.223301
0.220000	0.433060	0.222388
0.220000	0.964608	0.000000
0.220000	0.826785	0.000000
0.220000	0.714788	0.000000
0.220000	0.623499	0.000000
0.220000	0.549114	0.000000
0.220000	0.488759	0.000000
0.220000	0.400595	0.000000
0.220000	0.368592	0.000000
0.220000	0.440000	0.000000
0.220000	0.342436	0.000000
0.220000	0.320940	0.000000
0.220000	0.303198	0.000000
0.220000	0.288514	0.000000
0.220000	0.276341	0.000000
0.220000	0.266242	0.000000
0.220000	0.257865	0.000000
0.220000	0.250920	0.000000
0.220000	0.245169	0.000000
0.220000	0.240417	0.000000
0.220000	0.236498	0.000000
0.220000	0.233275	0.000000
0.220000	0.230632	0.000000
0.220000	0.228473	0.000000
0.220000	0.226716	0.000000
0.220000	0.225293	0.000000
0.220000	0.224145	0.000000
0.220000	0.223225	0.000000
0.220000	0.222492	0.000000
0.220000	0.221910	0.000000
0.220000	0.221453	0.000000
0.220000	0.221095	0.000000
0.220000	0.220818	0.000000
0.220000	0.220605	0.000000
0.220000	0.220443	0.000000
0.220000	0.220321	0.000000
0.220000	0.220229	0.000000
0.220000	0.220162	0.000000
0.220000	0.220112	0.000000
0.220000	0.220077	0.000000
0.220000	0.220051	0.000000
0.220000	0.220021	0.000000
0.220000	0.220034	0.000000
0.220000	0.892076	0.000000
0.220000	0.767887	0.000000
0.220000	0.666786	0.000000
0.220000	0.584354	0.000000
0.220000	0.517315	0.000000
0.220000	0.463066	0.000000
0.220000	0.419266	0.000000
0.220000	0.383793	0.000000
0.220000	0.354890	0.000000
0.220000	0.331196	0.000000
0.220000	0.311676	0.000000
0.220000	0.295539	0.000000
0.220000	0.282170	0.000000
0.220000	0.271081	0.000000
0.220000	0.261880	0.000000
0.220000	0.254249	0.000000
0.220000	0.247926	0.000000
0.220000	0.242695	0.000000
0.220000	0.238376	0.000000
0.220000	0.234819	0.000000
0.220000	0.231898	0.000000
0.220000	0.229507	0.000000
0.220000	0.227557	0.000000
0.220000	0.225974	0.000000
0.220000	0.224694	0.000000
0.220000	0.223665	0.000000
0.220000	0.222842	0.000000
0.220000	0.222188	0.000000
0.220000	0.221671	0.000000
0.220000	0.221266	0.000000
0.220000	0.220951	0.000000
0.220000	0.220707	0.000000
0.220000	0.220521	0.000000
0.220000	0.220379	0.000000
0.220000	0.220273	0.000000
0.220000	0.220194	0.000000
0.220000	0.220136	0.000000
0.220000	0.220094	0.000000
0.220000	0.220064	0.000000
0.220000	0.220042	0.000000
0.220000	0.220028	0.000000
0.220000	0.220017	0.000000
0.220000	0.220012	0.000000
0.230000	0.464292	0.221982
0.230000	0.463542	0.221276
0.230000	0.866768	0.000000
0.230000	0.749127	0.000000
0.230000	0.653105	0.000000
0.230000	0.574767	0.000000
0.230000	0.511224	0.000000
0.230000	0.418708	0.000000
0.230000	0.385234	0.000000
0.230000	0.460000	0.000000
0.230000	0.357901	0.000000
0.230000	0.335446	0.000000
0.230000	0.316916	0.000000
0.230000	0.301580	0.000000
0.230000	0.288865	0.000000
0.230000	0.278316	0.000000
0.230000	0.269564	0.000000
0.230000	0.262308	0.000000
0.230000	0.256301	0.000000
0.230000	0.251335	0.000000
0.230000	0.247240	0.000000
0.230000	0.243872	0.000000
0.230000	0.241111	0.000000
0.230000	0.238855	0.000000
0.230000	0.237019	0.000000
0.230000	0.235532	0.000000
0.230000	0.234332	0.000000
0.230000	0.233371	0.000000
0.230000	0.232604	0.000000
0.230000	0.231996	0.000000
0.230000	0.231518	0.000000
0.230000	0.231145	0.000000
0.230000	0.230855	0.000000
0.230000	0.230633	0.000000
0.230000	0.230463	0.000000
0.230000	0.230335	0.000000
0.230000	0.230240	0.000000
0.230000	0.230169	0.000000
0.230000	0.230117	0.000000
0.230000	0.230080	0.000000
0.230000	0.230054	0.000000
0.230000	0.230022	0.000000
0.230000	0.230035	0.000000
0.230000	0.935298	0.000000
0.230000	0.804925	0.000000
0.230000	0.698660	0.000000
0.230000	0.611890	0.000000
0.230000	0.541279	0.000000
0.230000	0.484216	0.000000
0.230000	0.438262	0.000000
0.230000	0.401128	0.000000
0.230000	0.370912	0.000000
0.230000	0.346158	0.000000
0.230000	0.325769	0.000000
0.230000	0.308915	0.000000
0.230000	0.294952	0.000000
0.230000	0.283369	0.000000
0.230000	0.273758	0.000000
0.230000	0.265786	0.000000
0.230000	0.259180	0.000000
0.230000	0.253715	0.000000
0.230000	0.249203	0.000000
0.230000	0.245486	0.000000
0.230000	0.242434	0.000000
0.230000	0.239935	0.000000
0.230000	0.237898	0.000000
0.230000	0.236243	0.000000
0.230000	0.234906	0.000000
0.230000	0.233830	0.000000
0.230000	0.232970	0.000000
0.230000	0.232287	0.000000
0.230000	0.231747	0.000000
0.230000	0.231323	0.000000
0.230000	0.230994	0.000000
0.230000	0.230739	0.000000
0.230000	0.230544	0.000000
0.230000	0.230396	0.000000
0.230000	0.230285	0.000000
0.230000	0.230203	0.000000
0.230000	0.230142	0.000000
0.230000	0.230098	0.000000
0.230000	0.230067	0.000000
0.230000	0.230044	0.000000
0.230000	0.230029	0.000000
0.230000	0.230018	0.000000
0.230000	0.230013	0.000000
0.240000	0.493760	0.218836
0.240000	0.493048	0.218302
0.240000	0.906960	0.000000
0.240000	0.783685	0.000000
0.240000	0.682906	0.000000
0.240000	0.600548	0.000000
0.240000	0.533737	0.000000
0.240000	0.436807	0.000000
0.240000	0.401859	0.000000
0.240000	0.480000	0.000000
0.240000	0.373352	0.000000
0.240000	0.349942	0.000000
0.240000	0.330626	0.000000
0.240000	0.314639	0.000000
0.240000	0.301384	0.000000
0.240000	0.290386	0.000000
0.240000	0.281261	0.000000
0.240000	0.273695	0.000000
0.240000	0.267430	0.000000
0.240000	0.262252	0.000000
0.240000	0.257982	0.000000
0.240000	0.254469	0.000000
0.240000	0.251589	0.000000
0.240000	0.249236	0.000000
0.240000	0.247321	0.000000
0.240000	0.245770	0.000000
0.240000	0.244519	0.000000
0.240000	0.243516	0.000000
0.240000	0.242716	0.000000
0.240000	0.242083	0.000000
0.240000	0.241584	0.000000
0.240000	0.241194	0.000000
0.240000	0.240892	0.000000
0.240000	0.240660	0.000000
0.240000	0.240483	0.000000
0.240000	0.240350	0.000000
0.240000	0.240250	0.000000
0.240000	0.240176	0.000000
0.240000	0.240122	0.000000
0.240000	0.240084	0.000000
0.240000	0.240056	0.000000
0.240000	0.240023	0.000000
0.240000	0.240037	0.000000
0.240000	0.978718	0.000000
0.240000	0.842180	0.000000
0.240000	0.730746	0.000000
0.240000	0.639593	0.000000
0.240000	0.565328	0.000000
0.240000	0.505384	0.000000
0.240000	0.457247	0.000000
0.240000	0.418446	0.000000
0.240000	0.386919	0.000000
0.240000	0.361107	0.000000
0.240000	0.339853	0.000000
0.240000	0.322285	0.000000
0.240000	0.307729	0.000000
0.240000	0.295653	0.000000
0.240000	0.285633	0.000000
0.240000	0.277321	0.000000
0.240000	0.270433	0.000000
0.240000	0.264734	0.000000
0.240000	0.260028	0.000000
0.240000	0.256152	0.000000
0.240000	0.252969	0.000000
0.240000	0.250363	0.000000
0.240000	0.248238	0.000000
0.240000	0.246512	0.000000
0.240000	0.245117	0.000000
0.240000	0.243996	0.000000
0.240000	0.243098	0.000000
0.240000	0.242385	0.000000
0.240000	0.241822	0.000000
0.240000	0.241380	0.000000
0.240000	0.241036	0.000000
0.240000	0.240771	0.000000
0.240000	0.240568	0.000000
0.240000	0.240413	0.000000
0.240000	0.240298	0.000000
0.240000	0.240212	0.000000
0.240000	0.240148	0.000000
0.240000	0.240102	0.000000
0.240000	0.240070	0.000000
0.240000	0.240046	0.000000
0.240000	0.240030	0.000000
0.240000	0.240019	0.000000
0.240000	0.240014	0.000000
0.250000	0.522079	0.214269
0.250000	0.521431	0.213868
0.250000	0.947345	0.000000
0.250000	0.818458	0.000000
0.250000	0.712913	0.000000
0.250000	0.626472	0.000000
0.250000	0.556304	0.000000
0.250000	0.454889	0.000000
0.250000	0.418468	0.000000
0.250000	0.500000	0.000000
0.250000	0.388789	0.000000
0.250000	0.364427	0.000000
0.250000	0.344327	0.000000
0.250000	0.327692	0.000000
0.250000	0.313898	0.000000
0.250000	0.302452	0.000000
0.250000	0.292954	0.000000
0.250000	0.285080	0.000000
0.250000	0.278559	0.000000
0.250000	0.273168	0.000000
0.250000	0.268722	0.000000
0.250000	0.265065	0.000000
0.250000	0.262067	0.000000
0.250000	0.259617	0.000000
0.250000	0.257623	0.000000
0.250000	0.256008	0.000000
0.250000	0.254706	0.000000
0.250000	0.253661	0.000000
0.250000	0.252829	0.000000
0.250000	0.252169	0.000000
0.250000	0.251649	0.000000
0.250000	0.251244	0.000000
0.250000	0.250929	0.000000
0.250000	0.250687	0.000000
0.250000	0.250503	0.000000
0.250000	0.250364	0.000000
0.250000	0.250260	0.000000
0.250000	0.250184	0.000000
0.250000	0.250128	0.000000
0.250000	0.250087	0.000000
0.250000	0.250058	0.000000
0.250000	0.250024	0.000000
0.250000	0.250038	0.000000
0.250000	0.879639	0.000000
0.250000	0.763048	0.000000
0.250000	0.667477	0.000000
0.250000	0.589475	0.000000
0.250000	0.526573	0.000000
0.250000	0.476221	0.000000
0.250000	0.435746	0.000000
0.250000	0.402910	0.000000
0.250000	0.376045	0.000000
0.250000	0.353928	0.000000
0.250000	0.335647	0.000000
0.250000	0.320500	0.000000
0.250000	0.307933	0.000000
0.250000	0.297504	0.000000
0.250000	0.288853	0.000000
0.250000	0.281683	0.000000
0.250000	0.275751	0.000000
0.250000	0.270852	0.000000
0.250000	0.266817	0.000000
0.250000	0.263503	0.000000
0.250000	0.260790	0.000000
0.250000	0.258577	0.000000
0.250000	0.256781	0.000000
0.250000	0.255328	0.000000
0.250000	0.254160	0.000000
0.250000	0.253226	0.000000
0.250000	0.252484	0.000000
0.250000	0.251897	0.000000
0.250000	0.251437	0.000000
0.250000	0.251079	0.000000
0.250000	0.250803	0.000000
0.250000	0.250591	0.000000
0.250000	0.250431	0.000000
0.250000	0.250310	0.000000
0.250000	0.250220	0.000000
0.250000	0.250155	0.000000
0.250000	0.250107	0.000000
0.250000	0.250072	0.000000
0.250000	0.250048	0.000000
0.250000	0.250031	0.000000
0.250000	0.250020	0.000000
0.250000	0.250014	0.000000
0.260000	0.549241	0.208616
0.260000	0.548665	0.208314
0.260000	0.987905	0.000000
0.260000	0.853437	0.000000
0.260000	0.743135	0.000000
0.260000	0.652557	0.000000
0.260000	0.578934	0.000000
0.260000	0.472953	0.000000
0.260000	0.435058	0.000000
0.260000	0.520000	0.000000
0.260000	0.404211	0.000000
0.260000	0.378901	0.000000
0.260000	0.358020	0.000000
0.260000	0.340738	0.000000
0.260000	0.326407	0.000000
0.260000	0.314514	0.000000
0.260000	0.304646	0.000000
0.260000	0.296462	0.000000
0.260000	0.289685	0.000000
0.260000	0.284083	0.000000
0.260000	0.279462	0.000000
0.260000	0.275661	0.000000
0.260000	0.272544	0.000000
0.260000	0.269997	0.000000
0.260000	0.267925	0.000000
0.260000	0.266246	0.000000
0.260000	0.264892	0.000000
0.260000	0.263806	0.000000
0.260000	0.262941	0.000000
0.260000	0.262255	0.000000
0.260000	0.261715	0.000000
0.260000	0.261293	0.000000
0.260000	0.260966	0.000000
0.260000	0.260715	0.000000
0.260000	0.260523	0.000000
0.260000	0.260379	0.000000
0.260000	0.260271	0.000000
0.260000	0.260191	0.000000
0.260000	0.260133	0.000000
0.260000	0.260091	0.000000
0.260000	0.260061	0.000000
0.260000	0.260025	0.000000
0.260000	0.260040	0.000000
0.260000	0.917290	0.000000
0.260000	0.795566	0.000000
0.260000	0.695559	0.000000
0.260000	0.613734	0.000000
0.260000	0.547787	0.000000
0.260000	0.495182	0.000000
0.260000	0.453028	0.000000
0.260000	0.418885	0.000000
0.260000	0.390969	0.000000
0.260000	0.367993	0.000000
0.260000	0.349002	0.000000
0.260000	0.333265	0.000000
0.260000	0.320209	0.000000
0.260000	0.309373	0.000000
0.260000	0.300383	0.000000
0.260000	0.292932	0.000000
0.260000	0.286767	0.000000
0.260000	0.281675	0.000000
0.260000	0.277481	0.000000
0.260000	0.274036	0.000000
0.260000	0.271216	0.000000
0.260000	0.268917	0.000000
0.260000	0.267049	0.000000
0.260000	0.265539	0.000000
0.260000	0.264325	0.000000
0.260000	0.263354	0.000000
0.260000	0.262582	0.000000
0.260000	0.261973	0.000000
0.260000	0.261494	0.000000
0.260000	0.261122	0.000000
0.260000	0.260835	0.000000
0.260000	0.260615	0.000000
0.260000	0.260448	0.000000
0.260000	0.260322	0.000000
0.260000	0.260229	0.000000
0.260000	0.260161	0.000000
0.260000	0.260111	0.000000
0.260000	0.260075	0.000000
0.260000	0.260050	0.000000
0.260000	0.260033	0.000000
0.260000	0.260020	0.000000
0.260000	0.260015	0.000000
0.270000	0.575291	0.202133
0.270000	0.574787	0.201903
0.270000	0.888610	0.000000
0.270000	0.773577	0.000000
0.270000	0.678822	0.000000
0.270000	0.601637	0.000000
0.270000	0.490997	0.000000
0.270000	0.451628	0.000000
0.270000	0.540000	0.000000
0.270000	0.419618	0.000000
0.270000	0.393363	0.000000
0.270000	0.371705	0.000000
0.270000	0.353778	0.000000
0.270000	0.338912	0.000000
0.270000	0.326573	0.000000
0.270000	0.316334	0.000000
0.270000	0.307842	0.000000
0.270000	0.300810	0.000000
0.270000	0.294996	0.000000
0.270000	0.290200	0.000000
0.270000	0.286255	0.000000
0.270000	0.283020	0.000000
0.270000	0.280377	0.000000
0.270000	0.278226	0.000000
0.270000	0.276483	0.000000
0.270000	0.275078	0.000000
0.270000	0.273951	0.000000
0.270000	0.273053	0.000000
0.270000	0.272341	0.000000
0.270000	0.271780	0.000000
0.270000	0.271342	0.000000
0.270000	0.271003	0.000000
0.270000	0.270742	0.000000
0.270000	0.270543	0.000000
0.270000	0.270393	0.000000
0.270000	0.270281	0.000000
0.270000	0.270198	0.000000
0.270000	0.270138	0.000000
0.270000	0.270094	0.000000
0.270000	0.270063	0.000000
0.270000	0.270026	0.000000
0.270000	0.270041	0.000000
0.270000	0.955115	0.000000
0.270000	0.828295	0.000000
0.270000	0.723852	0.000000
0.270000	0.638123	0.000000
0.270000	0.569029	0.000000
0.270000	0.514128	0.000000
0.270000	0.470288	0.000000
0.270000	0.434842	0.000000
0.270000	0.405880	0.000000
0.270000	0.382047	0.000000
0.270000	0.362349	0.000000
0.270000	0.346025	0.000000
0.270000	0.332481	0.000000
0.270000	0.321238	0.000000
0.270000	0.311910	0.000000
0.270000	0.304179	0.000000
0.270000	0.297781	0.000000
0.270000	0.292497	0.000000
0.270000	0.288144	0.000000
0.270000	0.284569	0.000000
0.270000	0.281642	0.000000
0.270000	0.279255	0.000000
0.270000	0.277317	0.000000
0.270000	0.275750	0.000000
0.270000	0.274490	0.000000
0.270000	0.273482	0.000000
0.270000	0.272681	0.000000
0.270000	0.272048	0.000000
0.270000	0.271551	0.000000
0.270000	0.271165	0.000000
0.270000	0.270866	0.000000
0.270000	0.270638	0.000000
0.270000	0.270465	0.000000
0.270000	0.270335	0.000000
0.270000	0.270238	0.000000
0.270000	0.270167	0.000000
0.270000	0.270115	0.000000
0.270000	0.270078	0.000000
0.270000	0.270052	0.000000
0.270000	0.270034	0.000000
0.270000	0.270021	0.000000
0.270000	0.270015	0.000000
0.280000	0.600304	0.195017
0.280000	0.599866	0.194838
0.280000	0.923963	0.000000
0.280000	0.804241	0.000000
0.280000	0.705288	0.000000
0.280000	0.624427	0.000000
0.280000	0.509019	0.000000
0.280000	0.468178	0.000000
0.280000	0.560000	0.000000
0.280000	0.435009	0.000000
0.280000	0.407813	0.000000
0.280000	0.385381	0.000000
0.280000	0.366812	0.000000
0.280000	0.351411	0.000000
0.280000	0.338628	0.000000
0.280000	0.328019	0.000000
0.280000	0.319220	0.000000
0.280000	0.311933	0.000000
0.280000	0.305908	0.000000
0.280000	0.300938	0.000000
0.280000	0.296849	0.000000
0.280000	0.293496	0.000000
0.280000	0.290757	0.000000
0.280000	0.288527	0.000000
0.280000	0.286721	0.000000
0.280000	0.285264	0.000000
0.280000	0.284096	0.000000
0.280000	0.283165	0.000000
0.280000	0.282426	0.000000
0.280000	0.281846	0.000000
0.280000	0.281392	0.000000
0.280000	0.281040	0.000000
0.280000	0.280769	0.000000
0.280000	0.280563	0.000000
0.280000	0.280408	0.000000
0.280000	0.280291	0.000000
0.280000	0.280206	0.000000
0.280000	0.280143	0.000000
0.280000	0.280098	0.000000
0.280000	0.280065	0.000000
0.280000	0.280027	0.000000
0.280000	0.280043	0.000000
0.280000	0.993097	0.000000
0.280000	0.861227	0.000000
0.280000	0.752369	0.000000
0.280000	0.662661	0.000000
0.280000	0.590304	0.000000
0.280000	0.533058	0.000000
0.280000	0.487526	0.000000
0.280000	0.450780	0.000000
0.280000	0.420776	0.000000
0.280000	0.396092	0.000000
0.280000	0.375688	0.000000
0.280000	0.358779	0.000000
0.280000	0.344748	0.000000
0.280000	0.333100	0.000000
0.280000	0.323435	0.000000
0.280000	0.315423	0.000000
0.280000	0.308793	0.000000
0.280000	0.303318	0.000000
0.280000	0.298807	0.000000
0.280000	0.295101	0.000000
0.280000	0.292068	0.000000
0.280000	0.289594	0.000000
0.280000	0.287584	0.000000
0.280000	0.285960	0.000000
0.280000	0.284654	0.000000
0.280000	0.283609	0.000000
0.280000	0.282779	0.000000
0.280000	0.282123	0.000000
0.280000	0.281608	0.000000
0.280000	0.281208	0.000000
0.280000	0.280898	0.000000
0.280000	0.280662	0.000000
0.280000	0.280482	0.000000
0.280000	0.280347	0.000000
0.280000	0.280247	0.000000
0.280000	0.280173	0.000000
0.280000	0.280120	0.000000
0.280000	0.280081	0.000000
0.280000	0.280054	0.000000
0.280000	0.280035	0.000000
0.280000	0.280022	0.000000
0.280000	0.280016	0.000000
0.290000	0.624359	0.187411
0.290000	0.623980	0.187270
0.290000	0.959479	0.000000
0.290000	0.835122	0.000000
0.290000	0.731975	0.000000
0.290000	0.647319	0.000000
0.290000	0.527018	0.000000
0.290000	0.484706	0.000000
0.290000	0.580000	0.000000
0.290000	0.450384	0.000000
0.290000	0.422251	0.000000
0.290000	0.399047	0.000000
0.290000	0.379838	0.000000
0.290000	0.363905	0.000000
0.290000	0.350680	0.000000
0.290000	0.339701	0.000000
0.290000	0.330596	0.000000
0.290000	0.323054	0.000000
0.290000	0.316818	0.000000
0.290000	0.311674	0.000000
0.290000	0.307442	0.000000
0.290000	0.303972	0.000000
0.290000	0.301136	0.000000
0.290000	0.298828	0.000000
0.290000	0.296958	0.000000
0.290000	0.295450	0.000000
0.290000	0.294241	0.000000
0.290000	0.293276	0.000000
0.290000	0.292512	0.000000
0.290000	0.291911	0.000000
0.290000	0.291441	0.000000
0.290000	0.291077	0.000000
0.290000	0.290796	0.000000
0.290000	0.290583	0.000000
0.290000	0.290422	0.000000
0.290000	0.290302	0.000000
0.290000	0.290213	0.000000
0.290000	0.290148	0.000000
0.290000	0.290101	0.000000
0.290000	0.290068	0.000000
0.290000	0.290028	0.000000
0.290000	0.290044	0.000000
0.290000	0.894349	0.000000
0.290000	0.781120	0.000000
0.290000	0.687371	0.000000
0.290000	0.611619	0.000000
0.290000	0.551971	0.000000
0.290000	0.504740	0.000000
0.290000	0.466699	0.000000
0.290000	0.435659	0.000000
0.290000	0.410125	0.000000
0.290000	0.389020	0.000000
0.290000	0.371527	0.000000
0.290000	0.357010	0.000000
0.290000	0.344958	0.000000
0.290000	0.334957	0.000000
0.290000	0.326666	0.000000
0.290000	0.319804	0.000000
0.290000	0.314137	0.000000
0.290000	0.309468	0.000000
0.290000	0.305632	0.000000
0.290000	0.302492	0.000000
0.290000	0.299932	0.000000
0.290000	0.297852	0.000000
0.290000	0.296170	0.000000
0.290000	0.294818	0.000000
0.290000	0.293737	0.000000
0.290000	0.292877	0.000000
0.290000	0.292198	0.000000
0.290000	0.291665	0.000000
0.290000	0.291250	0.000000
0.290000	0.290930	0.000000
0.290000	0.290685	0.000000
0.290000	0.290499	0.000000
0.290000	0.290359	0.000000
0.290000	0.290255	0.000000
0.290000	0.290179	0.000000
0.290000	0.290124	0.000000
0.290000	0.290084	0.000000
0.290000	0.290056	0.000000
0.290000	0.290036	0.000000
0.290000	0.290023	0.000000
0.290000	0.290016	0.000000
0.300000	0.647534	0.179427
0.300000	0.647208	0.179312
0.300000	0.995138	0.000000
0.300000	0.866212	0.000000
0.300000	0.758905	0.000000
0.300000	0.670333	0.000000
0.300000	0.544990	0.000000
0.300000	0.501211	0.000000
0.300000	0.600000	0.000000
0.300000	0.465741	0.000000
0.300000	0.436677	0.000000
0.300000	0.412705	0.000000
0.300000	0.392858	0.000000
0.300000	0.376395	0.000000
0.300000	0.362727	0.000000
0.300000	0.351381	0.000000
0.300000	0.341969	0.000000
0.300000	0.334173	0.000000
0.300000	0.327727	0.000000
0.300000	0.322409	0.000000
0.300000	0.318034	0.000000
0.300000	0.314446	0.000000
0.300000	0.311514	0.000000
0.300000	0.309128	0.000000
0.300000	0.307194	0.000000
0.300000	0.305635	0.000000
0.300000	0.304385	0.000000
0.300000	0.303388	0.000000
0.300000	0.302598	0.000000
0.300000	0.301976	0.000000
0.300000	0.301490	0.000000
0.300000	0.301113	0.000000
0.300000	0.300824	0.000000
0.300000	0.300603	0.000000
0.300000	0.300436	0.000000
0.300000	0.300312	0.000000
0.300000	0.300220	0.000000
0.300000	0.300153	0.000000
0.300000	0.300105	0.000000
0.300000	0.300070	0.000000
0.300000	0.300029	0.000000
0.300000	0.300046	0.000000
0.300000	0.927646	0.000000
0.300000	0.810110	0.000000
0.300000	0.712282	0.000000
0.300000	0.632980	0.000000
0.300000	0.570862	0.000000
0.300000	0.521927	0.000000
0.300000	0.482598	0.000000
0.300000	0.450527	0.000000
0.300000	0.424148	0.000000
0.300000	0.402344	0.000000
0.300000	0.384270	0.000000
0.300000	0.369268	0.000000
0.300000	0.356813	0.000000
0.300000	0.346476	0.000000
0.300000	0.337907	0.000000
0.300000	0.330814	0.000000
0.300000	0.324955	0.000000
0.300000	0.320128	0.000000
0.300000	0.316163	0.000000
0.300000	0.312917	0.000000
0.300000	0.310269	0.000000
0.300000	0.308119	0.000000
0.300000	0.306380	0.000000
0.300000	0.304982	0.000000
0.300000	0.303864	0.000000
0.300000	0.302975	0.000000
0.300000	0.302273	0.000000
0.300000	0.301722	0.000000
0.300000	0.301293	0.000000
0.300000	0.300962	0.000000
0.300000	0.300708	0.000000
0.300000	0.300516	0.000000
0.300000	0.300372	0.000000
0.300000	0.300264	0.000000
0.300000	0.300185	0.000000
0.300000	0.300128	0.000000
0.300000	0.300087	0.000000
0.300000	0.300058	0.000000
0.300000	0.300038	0.000000
0.300000	0.300024	0.000000
0.300000	0.300017	0.000000
0.310000	0.669901	0.171147
0.310000	0.669620	0.171051
0.310000	0.897498	0.000000
0.310000	0.786095	0.000000
0.310000	0.693493	0.000000
0.310000	0.562932	0.000000
0.310000	0.517690	0.000000
0.310000	0.620000	0.000000
0.310000	0.481080	0.000000
0.310000	0.451089	0.000000
0.310000	0.426353	0.000000
0.310000	0.405871	0.000000
0.310000	0.388879	0.000000
0.310000	0.374770	0.000000
0.310000	0.363057	0.000000
0.310000	0.353340	0.000000
0.310000	0.345291	0.000000
0.310000	0.338635	0.000000
0.310000	0.333143	0.000000
0.310000	0.328625	0.000000
0.310000	0.324920	0.000000
0.310000	0.321892	0.000000
0.310000	0.319428	0.000000
0.310000	0.317431	0.000000
0.310000	0.315821	0.000000
0.310000	0.314529	0.000000
0.310000	0.313499	0.000000
0.310000	0.312683	0.000000
0.310000	0.312041	0.000000
0.310000	0.311539	0.000000
0.310000	0.311150	0.000000
0.310000	0.310851	0.000000
0.310000	0.310623	0.000000
0.310000	0.310451	0.000000
0.310000	0.310322	0.000000
0.310000	0.310227	0.000000
0.310000	0.310158	0.000000
0.310000	0.310108	0.000000
0.310000	0.310072	0.000000
0.310000	0.310030	0.000000
0.310000	0.310047	0.000000
0.310000	0.961098	0.000000
0.310000	0.839337	0.000000
0.310000	0.737424	0.000000
0.310000	0.654397	0.000000
0.310000	0.589731	0.000000
0.310000	0.539087	0.000000
0.310000	0.498475	0.000000
0.310000	0.465379	0.000000
0.310000	0.438160	0.000000
0.310000	0.415659	0.000000
0.310000	0.397006	0.000000
0.310000	0.381521	0.000000
0.310000	0.368664	0.000000
0.310000	0.357992	0.000000
0.310000	0.349145	0.000000
0.310000	0.341821	0.000000
0.310000	0.335772	0.000000
0.310000	0.330788	0.000000
0.310000	0.326693	0.000000
0.310000	0.323340	0.000000
0.310000	0.320606	0.000000
0.310000	0.318385	0.000000
0.310000	0.316590	0.000000
0.310000	0.315146	0.000000
0.310000	0.313991	0.000000
0.310000	0.313073	0.000000
0.310000	0.312347	0.000000
0.310000	0.311778	0.000000
0.310000	0.311336	0.000000
0.310000	0.310994	0.000000
0.310000	0.310732	0.000000
0.310000	0.310533	0.000000
0.310000	0.310384	0.000000
0.310000	0.310273	0.000000
0.310000	0.310191	0.000000
0.310000	0.310132	0.000000
0.310000	0.310090	0.000000
0.310000	0.310060	0.000000
0.310000	0.310039	0.000000
0.310000	0.310024	0.000000
0.310000	0.310018	0.000000
0.320000	0.691526	0.162636
0.320000	0.691285	0.162553
0.320000	0.928961	0.000000
0.320000	0.813557	0.000000
0.320000	0.716830	0.000000
0.320000	0.580842	0.000000
0.320000	0.534143	0.000000
0.320000	0.640000	0.000000
0.320000	0.496400	0.000000
0.320000	0.465488	0.000000
0.320000	0.439991	0.000000
0.320000	0.418877	0.000000
0.320000	0.401357	0.000000
0.320000	0.386809	0.000000
0.320000	0.374730	0.000000
0.320000	0.364709	0.000000
0.320000	0.356407	0.000000
0.320000	0.349541	0.000000
0.320000	0.343876	0.000000
0.320000	0.339216	0.000000
0.320000	0.335393	0.000000
0.320000	0.332270	0.000000
0.320000	0.329727	0.000000
0.320000	0.327667	0.000000
0.320000	0.326006	0.000000
0.320000	0.324673	0.000000
0.320000	0.323611	0.000000
0.320000	0.322769	0.000000
0.320000	0.322106	0.000000
0.320000	0.321588	0.000000
0.320000	0.321187	0.000000
0.320000	0.320878	0.000000
0.320000	0.320643	0.000000
0.320000	0.320465	0.000000
0.320000	0.320333	0.000000
0.320000	0.320235	0.000000
0.320000	0.320163	0.000000
0.320000	0.320112	0.000000
0.320000	0.320075	0.000000
0.320000	0.320031	0.000000
0.320000	0.320049	0.000000
0.320000	0.994685	0.000000
0.320000	0.868792	0.000000
0.320000	0.762830	0.000000
0.320000	0.675882	0.000000
0.320000	0.608572	0.000000
0.320000	0.556215	0.000000
0.320000	0.514330	0.000000
0.320000	0.480216	0.000000
0.320000	0.452161	0.000000
0.320000	0.428966	0.000000
0.320000	0.409735	0.000000
0.320000	0.393770	0.000000
0.320000	0.380511	0.000000
0.320000	0.369506	0.000000
0.320000	0.360381	0.000000
0.320000	0.352827	0.000000
0.320000	0.346587	0.000000
0.320000	0.341446	0.000000
0.320000	0.337222	0.000000
0.320000	0.333763	0.000000
0.320000	0.330942	0.000000
0.320000	0.328651	0.000000
0.320000	0.326799	0.000000
0.320000	0.325309	0.000000
0.320000	0.324118	0.000000
0.320000	0.323170	0.000000
0.320000	0.322422	0.000000
0.320000	0.321835	0.000000
0.320000	0.321378	0.000000
0.320000	0.321025	0.000000
0.320000	0.320755	0.000000
0.320000	0.320550	0.000000
0.320000	0.320396	0.000000
0.320000	0.320282	0.000000
0.320000	0.320198	0.000000
0.320000	0.320136	0.000000
0.320000	0.320093	0.000000
0.320000	0.320062	0.000000
0.320000	0.320040	0.000000
0.320000	0.320025	0.000000
0.320000	0.320018	0.000000
0.330000	0.712468	0.153944
0.330000	0.712261	0.153870
0.330000	0.960579	0.000000
0.330000	0.841296	0.000000
0.330000	0.740384	0.000000
0.330000	0.598715	0.000000
0.330000	0.550568	0.000000
0.330000	0.660000	0.000000
0.330000	0.511701	0.000000
0.330000	0.479874	0.000000
0.330000	0.453620	0.000000
0.330000	0.431875	0.000000
0.330000	0.413830	0.000000
0.330000	0.398844	0.000000
0.330000	0.386400	0.000000
0.330000	0.376075	0.000000
0.330000	0.367520	0.000000
0.330000	0.360446	0.000000
0.330000	0.354608	0.000000
0.330000	0.349805	0.000000
0.330000	0.345866	0.000000
0.330000	0.342647	0.000000
0.330000	0.340026	0.000000
0.330000	0.337903	0.000000
0.330000	0.336191	0.000000
0.330000	0.334817	0.000000
0.330000	0.333722	0.000000
0.330000	0.332854	0.000000
0.330000	0.332171	0.000000
0.330000	0.331637	0.000000
0.330000	0.331223	0.000000
0.330000	0.330905	0.000000
0.330000	0.330663	0.000000
0.330000	0.330480	0.000000
0.330000	0.330343	0.000000
0.330000	0.330242	0.000000
0.330000	0.330168	0.000000
0.330000	0.330115	0.000000
0.330000	0.330077	0.000000
0.330000	0.330032	0.000000
0.330000	0.330050	0.000000
0.330000	0.898462	0.000000
0.330000	0.788533	0.000000
0.330000	0.697453	0.000000
0.330000	0.627382	0.000000
0.330000	0.573311	0.000000
0.330000	0.530161	0.000000
0.330000	0.495036	0.000000
0.330000	0.466150	0.000000
0.330000	0.442265	0.000000
0.330000	0.422459	0.000000
0.330000	0.406014	0.000000
0.330000	0.392355	0.000000
0.330000	0.381017	0.000000
0.330000	0.371615	0.000000
0.330000	0.363832	0.000000
0.330000	0.357402	0.000000
0.330000	0.352103	0.000000
0.330000	0.347750	0.000000
0.330000	0.344186	0.000000
0.330000	0.341278	0.000000
0.330000	0.338917	0.000000
0.330000	0.337008	0.000000
0.330000	0.335473	0.000000
0.330000	0.334244	0.000000
0.330000	0.333268	0.000000
0.330000	0.332497	0.000000
0.330000	0.331892	0.000000
0.330000	0.331421	0.000000
0.330000	0.331057	0.000000
0.330000	0.330778	0.000000
0.330000	0.330567	0.000000
0.330000	0.330408	0.000000
0.330000	0.330290	0.000000
0.330000	0.330204	0.000000
0.330000	0.330141	0.000000
0.330000	0.330096	0.000000
0.330000	0.330064	0.000000
0.330000	0.330041	0.000000
0.330000	0.330026	0.000000
0.330000	0.330019	0.000000
0.340000	0.732780	0.145111
0.340000	0.732601	0.145042
0.340000	0.992329	0.000000
0.340000	0.869308	0.000000
0.340000	0.764203	0.000000
0.340000	0.616547	0.000000
0.340000	0.566963	0.000000
0.340000	0.680000	0.000000
0.340000	0.526981	0.000000
0.340000	0.494246	0.000000
0.340000	0.467238	0.000000
0.340000	0.444867	0.000000
0.340000	0.426298	0.000000
0.340000	0.410875	0.000000
0.340000	0.398067	0.000000
0.340000	0.387439	0.000000
0.340000	0.378632	0.000000
0.340000	0.371349	0.000000
0.340000	0.365339	0.000000
0.340000	0.360394	0.000000
0.340000	0.356338	0.000000
0.340000	0.353023	0.000000
0.340000	0.350325	0.000000
0.340000	0.348138	0.000000
0.340000	0.346375	0.000000
0.340000	0.344961	0.000000
0.340000	0.343833	0.000000
0.340000	0.342939	0.000000
0.340000	0.342236	0.000000
0.340000	0.341686	0.000000
0.340000	0.341260	0.000000
0.340000	0.340932	0.000000
0.340000	0.340683	0.000000
0.340000	0.340494	0.000000
0.340000	0.340353	0.000000
0.340000	0.340249	0.000000
0.340000	0.340173	0.000000
0.340000	0.340118	0.000000
0.340000	0.340033	0.000000
0.340000	0.340052	0.000000
0.340000	0.340079	0.000000
0.340000	0.928322	0.000000
0.340000	0.814567	0.000000
0.340000	0.719130	0.000000
0.340000	0.646155	0.000000
0.340000	0.590370	0.000000
0.340000	0.545968	0.000000
0.340000	0.509840	0.000000
0.340000	0.480127	0.000000
0.340000	0.455555	0.000000
0.340000	0.435176	0.000000
0.340000	0.418253	0.000000
0.340000	0.404196	0.000000
0.340000	0.392525	0.000000
0.340000	0.382847	0.000000
0.340000	0.374834	0.000000
0.340000	0.368214	0.000000
0.340000	0.362759	0.000000
0.340000	0.358277	0.000000
0.340000	0.354608	0.000000
0.340000	0.351614	0.000000
0.340000	0.349183	0.000000
0.340000	0.347217	0.000000
0.340000	0.345636	0.000000
0.340000	0.344371	0.000000
0.340000	0.343365	0.000000
0.340000	0.342571	0.000000
0.340000	0.341948	0.000000
0.340000	0.341463	0.000000
0.340000	0.341089	0.000000
0.340000	0.340802	0.000000
0.340000	0.340584	0.000000
0.340000	0.340421	0.000000
0.340000	0.340299	0.000000
0.340000	0.340210	0.000000
0.340000	0.340145	0.000000
0.340000	0.340098	0.000000
0.340000	0.340066	0.000000
0.340000	0.340043	0.000000
0.340000	0.340027	0.000000
0.340000	0.340019	0.000000
0.350000	0.752512	0.136169
0.350000	0.752353	0.136102
0.350000	0.897575	0.000000
0.350000	0.788348	0.000000
0.350000	0.634333	0.000000
0.350000	0.583325	0.000000
0.350000	0.700000	0.000000
0.350000	0.542241	0.000000
0.350000	0.508604	0.000000
0.350000	0.480847	0.000000
0.350000	0.457851	0.000000
0.350000	0.438761	0.000000
0.350000	0.422902	0.000000
0.350000	0.409731	0.000000
0.350000	0.398800	0.000000
0.350000	0.389742	0.000000
0.350000	0.382251	0.000000
0.350000	0.376069	0.000000
0.350000	0.370982	0.000000
0.350000	0.366809	0.000000
0.350000	0.363399	0.000000
0.350000	0.360623	0.000000
0.350000	0.358373	0.000000
0.350000	0.356559	0.000000
0.350000	0.355104	0.000000
0.350000	0.353944	0.000000
0.350000	0.353025	0.000000
0.350000	0.352301	0.000000
0.350000	0.351735	0.000000
0.350000	0.351297	0.000000
0.350000	0.350959	0.000000
0.350000	0.350702	0.000000
0.350000	0.350509	0.000000
0.350000	0.350364	0.000000
0.350000	0.350257	0.000000
0.350000	0.350178	0.000000
0.350000	0.350122	0.000000
0.350000	0.350082	0.000000
0.350000	0.350034	0.000000
0.350000	0.350053	0.000000
0.350000	0.958346	0.000000
0.350000	0.840954	0.000000
0.350000	0.740945	0.000000
0.350000	0.664887	0.000000
0.350000	0.607389	0.000000
0.350000	0.561749	0.000000
0.350000	0.524627	0.000000
0.350000	0.494093	0.000000
0.350000	0.468837	0.000000
0.350000	0.447887	0.000000
0.350000	0.430487	0.000000
0.350000	0.416032	0.000000
0.350000	0.404031	0.000000
0.350000	0.394077	0.000000
0.350000	0.385835	0.000000
0.350000	0.379026	0.000000
0.350000	0.373415	0.000000
0.350000	0.368804	0.000000
0.350000	0.365029	0.000000
0.350000	0.361949	0.000000
0.350000	0.359448	0.000000
0.350000	0.357425	0.000000
0.350000	0.355799	0.000000
0.350000	0.354497	0.000000
0.350000	0.353463	0.000000
0.350000	0.352646	0.000000
0.350000	0.352005	0.000000
0.350000	0.351506	0.000000
0.350000	0.351120	0.000000
0.350000	0.350825	0.000000
0.350000	0.350601	0.000000
0.350000	0.350433	0.000000
0.350000	0.350308	0.000000
0.350000	0.350216	0.000000
0.350000	0.350149	0.000000
0.350000	0.350101	0.000000
0.350000	0.350067	0.000000
0.350000	0.350044	0.000000
0.350000	0.350027	0.000000
0.350000	0.350020	0.000000
0.360000	0.771707	0.127141
0.360000	0.771555	0.127075
0.360000	0.926068	0.000000
0.360000	0.812887	0.000000
0.360000	0.652068	0.000000
0.360000	0.599654	0.000000
0.360000	0.720000	0.000000
0.360000	0.557479	0.000000
0.360000	0.522948	0.000000
0.360000	0.494446	0.000000
0.360000	0.470827	0.000000
0.360000	0.451217	0.000000
0.360000	0.434925	0.000000
0.360000	0.421391	0.000000
0.360000	0.410159	0.000000
0.360000	0.400850	0.000000
0.360000	0.393151	0.000000
0.360000	0.386797	0.000000
0.360000	0.381568	0.000000
0.360000	0.377279	0.000000
0.360000	0.373774	0.000000
0.360000	0.370921	0.000000
0.360000	0.368608	0.000000
0.360000	0.366743	0.000000
0.360000	0.365248	0.000000
0.360000	0.364055	0.000000
0.360000	0.363110	0.000000
0.360000	0.362365	0.000000
0.360000	0.361784	0.000000
0.360000	0.361333	0.000000
0.360000	0.360986	0.000000
0.360000	0.360722	0.000000
0.360000	0.360523	0.000000
0.360000	0.360374	0.000000
0.360000	0.360264	0.000000
0.360000	0.360183	0.000000
0.360000	0.360125	0.000000
0.360000	0.360084	0.000000
0.360000	0.360035	0.000000
0.360000	0.360055	0.000000
0.360000	0.988503	0.000000
0.360000	0.867703	0.000000
0.360000	0.762939	0.000000
0.360000	0.683568	0.000000
0.360000	0.624367	0.000000
0.360000	0.577503	0.000000
0.360000	0.539396	0.000000
0.360000	0.508046	0.000000
0.360000	0.482110	0.000000
0.360000	0.460592	0.000000
0.360000	0.442717	0.000000
0.360000	0.427865	0.000000
0.360000	0.415533	0.000000
0.360000	0.405304	0.000000
0.360000	0.396834	0.000000
0.360000	0.389836	0.000000
0.360000	0.384069	0.000000
0.360000	0.379330	0.000000
0.360000	0.375449	0.000000
0.360000	0.372284	0.000000
0.360000	0.369712	0.000000
0.360000	0.367633	0.000000
0.360000	0.365961	0.000000
0.360000	0.364624	0.000000
0.360000	0.363560	0.000000
0.360000	0.362720	0.000000
0.360000	0.362061	0.000000
0.360000	0.361548	0.000000
0.360000	0.361152	0.000000
0.360000	0.360848	0.000000
0.360000	0.360618	0.000000
0.360000	0.360445	0.000000
0.360000	0.360317	0.000000
0.360000	0.360222	0.000000
0.360000	0.360153	0.000000
0.360000	0.360104	0.000000
0.360000	0.360069	0.000000
0.360000	0.360045	0.000000
0.360000	0.360028	0.000000
0.360000	0.360020	0.000000
0.370000	0.790407	0.118042
0.370000	0.790243	0.117991
0.370000	0.954750	0.000000
0.370000	0.837898	0.000000
0.370000	0.669746	0.000000
0.370000	0.615947	0.000000
0.370000	0.740000	0.000000
0.370000	0.572696	0.000000
0.370000	0.537276	0.000000
0.370000	0.508035	0.000000
0.370000	0.483797	0.000000
0.370000	0.463669	0.000000
0.370000	0.446943	0.000000
0.370000	0.433048	0.000000
0.370000	0.421515	0.000000
0.370000	0.411957	0.000000
0.370000	0.404049	0.000000
0.370000	0.397524	0.000000
0.370000	0.392154	0.000000
0.370000	0.387749	0.000000
0.370000	0.384149	0.000000
0.370000	0.381218	0.000000
0.370000	0.378843	0.000000
0.370000	0.376927	0.000000
0.370000	0.375391	0.000000
0.370000	0.374166	0.000000
0.370000	0.373194	0.000000
0.370000	0.372430	0.000000
0.370000	0.371833	0.000000
0.370000	0.371370	0.000000
0.370000	0.371014	0.000000
0.370000	0.370742	0.000000
0.370000	0.370537	0.000000
0.370000	0.370384	0.000000
0.370000	0.370271	0.000000
0.370000	0.370188	0.000000
0.370000	0.370129	0.000000
0.370000	0.370086	0.000000
0.370000	0.370036	0.000000
0.370000	0.370057	0.000000
0.370000	0.894803	0.000000
0.370000	0.785174	0.000000
0.370000	0.702190	0.000000
0.370000	0.641297	0.000000
0.370000	0.593229	0.000000
0.370000	0.554147	0.000000
0.370000	0.521988	0.000000
0.370000	0.495375	0.000000
0.370000	0.473290	0.000000
0.370000	0.454942	0.000000
0.370000	0.439695	0.000000
0.370000	0.427033	0.000000
0.370000	0.416529	0.000000
0.370000	0.407832	0.000000
0.370000	0.400645	0.000000
0.370000	0.394722	0.000000
0.370000	0.389855	0.000000
0.370000	0.385869	0.000000
0.370000	0.382618	0.000000
0.370000	0.379976	0.000000
0.370000	0.377841	0.000000
0.370000	0.376124	0.000000
0.370000	0.374750	0.000000
0.370000	0.373657	0.000000
0.370000	0.372794	0.000000
0.370000	0.372117	0.000000
0.370000	0.371590	0.000000
0.370000	0.371183	0.000000
0.370000	0.370871	0.000000
0.370000	0.370635	0.000000
0.370000	0.370457	0.000000
0.370000	0.370325	0.000000
0.370000	0.370228	0.000000
0.370000	0.370158	0.000000
0.370000	0.370107	0.000000
0.370000	0.370071	0.000000
0.370000	0.370046	0.000000
0.370000	0.370029	0.000000
0.370000	0.370021	0.000000
0.380000	0.808452	0.108877
0.380000	0.808645	0.108877
0.380000	0.983576	0.000000
0.380000	0.863451	0.000000
0.380000	0.687358	0.000000
0.380000	0.632202	0.000000
0.380000	0.760000	0.000000
0.380000	0.587889	0.000000
0.380000	0.551590	0.000000
0.380000	0.521613	0.000000
0.380000	0.496759	0.000000
0.380000	0.476115	0.000000
0.380000	0.458957	0.000000
0.380000	0.444702	0.000000
0.380000	0.432869	0.000000
0.380000	0.423061	0.000000
0.380000	0.414947	0.000000
0.380000	0.408250	0.000000
0.380000	0.402739	0.000000
0.380000	0.398218	0.000000
0.380000	0.394523	0.000000
0.380000	0.391515	0.000000
0.380000	0.389077	0.000000
0.380000	0.387111	0.000000
0.380000	0.385534	0.000000
0.380000	0.384276	0.000000
0.380000	0.383279	0.000000
0.380000	0.382495	0.000000
0.380000	0.381882	0.000000
0.380000	0.381406	0.000000
0.380000	0.381041	0.000000
0.380000	0.380762	0.000000
0.380000	0.380552	0.000000
0.380000	0.380394	0.000000
0.380000	0.380278	0.000000
0.380000	0.380194	0.000000
0.380000	0.380132	0.000000
0.380000	0.380089	0.000000
0.380000	0.380037	0.000000
0.380000	0.380058	0.000000
0.380000	0.922214	0.000000
0.380000	0.807741	0.000000
0.380000	0.720741	0.000000
0.380000	0.658178	0.000000
0.380000	0.608926	0.000000
0.380000	0.568880	0.000000
0.380000	0.535917	0.000000
0.380000	0.508630	0.000000
0.380000	0.485982	0.000000
0.380000	0.467161	0.000000
0.380000	0.451520	0.000000
0.380000	0.438529	0.000000
0.380000	0.427752	0.000000
0.380000	0.418827	0.000000
0.380000	0.411452	0.000000
0.380000	0.405374	0.000000
0.380000	0.400379	0.000000
0.380000	0.396288	0.000000
0.380000	0.392951	0.000000
0.380000	0.390240	0.000000
0.380000	0.388049	0.000000
0.380000	0.386286	0.000000
0.380000	0.384875	0.000000
0.380000	0.383754	0.000000
0.380000	0.382868	0.000000
0.380000	0.382174	0.000000
0.380000	0.381633	0.000000
0.380000	0.381215	0.000000
0.380000	0.380895	0.000000
0.380000	0.380652	0.000000
0.380000	0.380470	0.000000
0.380000	0.380334	0.000000
0.380000	0.380234	0.000000
0.380000	0.380162	0.000000
0.380000	0.380110	0.000000
0.380000	0.380073	0.000000
0.380000	0.380048	0.000000
0.380000	0.380030	0.000000
0.380000	0.380021	0.000000
0.390000	0.826227	0.099771
0.390000	0.826437	0.099637
0.390000	0.889583	0.000000
0.390000	0.704897	0.000000
0.390000	0.648418	0.000000
0.390000	0.780000	0.000000
0.390000	0.603059	0.000000
0.390000	0.565889	0.000000
0.390000	0.535181	0.000000
0.390000	0.509713	0.000000
0.390000	0.488555	0.000000
0.390000	0.470968	0.000000
0.390000	0.456353	0.000000
0.390000	0.444220	0.000000
0.390000	0.434163	0.000000
0.390000	0.425842	0.000000
0.390000	0.418975	0.000000
0.390000	0.413323	0.000000
0.390000	0.408686	0.000000
0.390000	0.404896	0.000000
0.390000	0.401811	0.000000
0.390000	0.399311	0.000000
0.390000	0.397294	0.000000
0.390000	0.395676	0.000000
0.390000	0.394386	0.000000
0.390000	0.393364	0.000000
0.390000	0.392559	0.000000
0.390000	0.391930	0.000000
0.390000	0.391443	0.000000
0.390000	0.391068	0.000000
0.390000	0.390782	0.000000
0.390000	0.390566	0.000000
0.390000	0.390405	0.000000
0.390000	0.390286	0.000000
0.390000	0.390199	0.000000
0.390000	0.390136	0.000000
0.390000	0.390091	0.000000
0.390000	0.390038	0.000000
0.390000	0.390060	0.000000
0.390000	0.949876	0.000000
0.390000	0.830778	0.000000
0.390000	0.739206	0.000000
0.390000	0.675005	0.000000
0.390000	0.624593	0.000000
0.390000	0.583595	0.000000
0.390000	0.549833	0.000000
0.390000	0.521877	0.000000
0.390000	0.498667	0.000000
0.390000	0.479376	0.000000
0.390000	0.463342	0.000000
0.390000	0.450023	0.000000
0.390000	0.438973	0.000000
0.390000	0.429821	0.000000
0.390000	0.422258	0.000000
0.390000	0.416025	0.000000
0.390000	0.410902	0.000000
0.390000	0.406707	0.000000
0.390000	0.403284	0.000000
0.390000	0.400504	0.000000
0.390000	0.398256	0.000000
0.390000	0.396448	0.000000
0.390000	0.395001	0.000000
0.390000	0.393851	0.000000
0.390000	0.392942	0.000000
0.390000	0.392230	0.000000
0.390000	0.391675	0.000000
0.390000	0.391246	0.000000
0.390000	0.390918	0.000000
0.390000	0.390669	0.000000
0.390000	0.390482	0.000000
0.390000	0.390343	0.000000
0.390000	0.390240	0.000000
0.390000	0.390166	0.000000
0.390000	0.390113	0.000000
0.390000	0.390075	0.000000
0.390000	0.390049	0.000000
0.390000	0.390031	0.000000
0.390000	0.390022	0.000000
0.400000	0.843638	0.090700
0.400000	0.843766	0.090313
0.400000	0.916271	0.000000
0.400000	0.722354	0.000000
0.400000	0.664591	0.000000
0.400000	0.800000	0.000000
0.400000	0.618205	0.000000
0.400000	0.580173	0.000000
0.400000	0.548738	0.000000
0.400000	0.522660	0.000000
0.400000	0.500990	0.000000
0.400000	0.482973	0.000000
0.400000	0.468001	0.000000
0.400000	0.455569	0.000000
0.400000	0.445263	0.000000
0.400000	0.436736	0.000000
0.400000	0.429699	0.000000
0.400000	0.423906	0.000000
0.400000	0.419154	0.000000
0.400000	0.415269	0.000000
0.400000	0.412107	0.000000
0.400000	0.409544	0.000000
0.400000	0.407477	0.000000
0.400000	0.405819	0.000000
0.400000	0.404497	0.000000
0.400000	0.403449	0.000000
0.400000	0.402624	0.000000
0.400000	0.401979	0.000000
0.400000	0.401479	0.000000
0.400000	0.401094	0.000000
0.400000	0.400801	0.000000
0.400000	0.400580	0.000000
0.400000	0.400415	0.000000
0.400000	0.400293	0.000000
0.400000	0.400139	0.000000
0.400000	0.400204	0.000000
0.400000	0.400093	0.000000
0.400000	0.400039	0.000000
0.400000	0.400061	0.000000
0.400000	0.977715	0.000000
0.400000	0.854496	0.000000
0.400000	0.757566	0.000000
0.400000	0.691773	0.000000
0.400000	0.640229	0.000000
0.400000	0.598290	0.000000
0.400000	0.563738	0.000000
0.400000	0.535115	0.000000
0.400000	0.511346	0.000000
0.400000	0.491587	0.000000
0.400000	0.475160	0.000000
0.400000	0.461514	0.000000
0.400000	0.450192	0.000000
0.400000	0.440813	0.000000
0.400000	0.433063	0.000000
0.400000	0.426674	0.000000
0.400000	0.421424	0.000000
0.400000	0.417124	0.000000
0.400000	0.413616	0.000000
0.400000	0.410767	0.000000
0.400000	0.408463	0.000000
0.400000	0.406609	0.000000
0.400000	0.405127	0.000000
0.400000	0.403948	0.000000
0.400000	0.403016	0.000000
0.400000	0.402286	0.000000
0.400000	0.401717	0.000000
0.400000	0.401277	0.000000
0.400000	0.400941	0.000000
0.400000	0.400686	0.000000
0.400000	0.400494	0.000000
0.400000	0.400351	0.000000
0.400000	0.400247	0.000000
0.400000	0.400170	0.000000
0.400000	0.400116	0.000000
0.400000	0.400077	0.000000
0.400000	0.400050	0.000000
0.400000	0.400031	0.000000
0.400000	0.400023	0.000000
0.410000	0.860789	0.081665
0.410000	0.860564	0.080926
0.410000	0.943411	0.000000
0.410000	0.739719	0.000000
0.410000	0.680720	0.000000
0.410000	0.820000	0.000000
0.410000	0.633326	0.000000
0.410000	0.594441	0.000000
0.410000	0.562285	0.000000
0.410000	0.535599	0.000000
0.410000	0.513419	0.000000
0.410000	0.494975	0.000000
0.410000	0.479645	0.000000
0.410000	0.466915	0.000000
0.410000	0.456362	0.000000
0.410000	0.447629	0.000000
0.410000	0.440421	0.000000
0.410000	0.434488	0.000000
0.410000	0.429620	0.000000
0.410000	0.425642	0.000000
0.410000	0.422402	0.000000
0.410000	0.419777	0.000000
0.410000	0.417660	0.000000
0.410000	0.415961	0.000000
0.410000	0.414607	0.000000
0.410000	0.413533	0.000000
0.410000	0.412688	0.000000
0.410000	0.412027	0.000000
0.410000	0.411515	0.000000
0.410000	0.411121	0.000000
0.410000	0.410821	0.000000
0.410000	0.410595	0.000000
0.410000	0.410425	0.000000
0.410000	0.410300	0.000000
0.410000	0.410209	0.000000
0.410000	0.410143	0.000000
0.410000	0.410096	0.000000
0.410000	0.410040	0.000000
0.410000	0.410063	0.000000
0.410000	0.879202	0.000000
0.410000	0.775799	0.000000
0.410000	0.708479	0.000000
0.410000	0.655832	0.000000
0.410000	0.612967	0.000000
0.410000	0.577629	0.000000
0.410000	0.548345	0.000000
0.410000	0.524018	0.000000
0.410000	0.503792	0.000000
0.410000	0.486975	0.000000
0.410000	0.473002	0.000000
0.410000	0.461408	0.000000
0.410000	0.451804	0.000000
0.410000	0.443866	0.000000
0.410000	0.437323	0.000000
0.410000	0.431946	0.000000
0.410000	0.427541	0.000000
0.410000	0.423948	0.000000
0.410000	0.421029	0.000000
0.410000	0.418669	0.000000
0.410000	0.416771	0.000000
0.410000	0.415252	0.000000
0.410000	0.414044	0.000000
0.410000	0.413090	0.000000
0.410000	0.412342	0.000000
0.410000	0.411759	0.000000
0.410000	0.411309	0.000000
0.410000	0.410964	0.000000
0.410000	0.410703	0.000000
0.410000	0.410506	0.000000
0.410000	0.410360	0.000000
0.410000	0.410253	0.000000
0.410000	0.410175	0.000000
0.410000	0.410119	0.000000
0.410000	0.410079	0.000000
0.410000	0.410051	0.000000
0.410000	0.410032	0.000000
0.410000	0.410023	0.000000
0.420000	0.877807	0.072601
0.420000	0.876728	0.071601
0.420000	0.970833	0.000000
0.420000	0.756981	0.000000
0.420000	0.696803	0.000000
0.420000	0.840000	0.000000
0.420000	0.648423	0.000000
0.420000	0.608694	0.000000
0.420000	0.575822	0.000000
0.420000	0.548531	0.000000
0.420000	0.525842	0.000000
0.420000	0.506972	0.000000
0.420000	0.491286	0.000000
0.420000	0.478259	0.000000
0.420000	0.467458	0.000000
0.420000	0.458520	0.000000
0.420000	0.451142	0.000000
0.420000	0.445069	0.000000
0.420000	0.440086	0.000000
0.420000	0.436013	0.000000
0.420000	0.432697	0.000000
0.420000	0.430010	0.000000
0.420000	0.427842	0.000000
0.420000	0.426103	0.000000
0.420000	0.424717	0.000000
0.420000	0.423617	0.000000
0.420000	0.422752	0.000000
0.420000	0.422076	0.000000
0.420000	0.421552	0.000000
0.420000	0.421148	0.000000
0.420000	0.420841	0.000000
0.420000	0.420609	0.000000
0.420000	0.420436	0.000000
0.420000	0.420307	0.000000
0.420000	0.420214	0.000000
0.420000	0.420146	0.000000
0.420000	0.420098	0.000000
0.420000	0.420041	0.000000
0.420000	0.420064	0.000000
0.420000	0.905262	0.000000
0.420000	0.793877	0.000000
0.420000	0.725117	0.000000
0.420000	0.671402	0.000000
0.420000	0.627624	0.000000
0.420000	0.591508	0.000000
0.420000	0.561565	0.000000
0.420000	0.536684	0.000000
0.420000	0.515992	0.000000
0.420000	0.498785	0.000000
0.420000	0.484487	0.000000
0.420000	0.472622	0.000000
0.420000	0.462792	0.000000
0.420000	0.454668	0.000000
0.420000	0.447971	0.000000
0.420000	0.442466	0.000000
0.420000	0.437958	0.000000
0.420000	0.434280	0.000000
0.420000	0.431292	0.000000
0.420000	0.428876	0.000000
0.420000	0.426932	0.000000
0.420000	0.425377	0.000000
0.420000	0.424141	0.000000
0.420000	0.423164	0.000000
0.420000	0.422398	0.000000
0.420000	0.421801	0.000000
0.420000	0.421340	0.000000
0.420000	0.420987	0.000000
0.420000	0.420719	0.000000
0.420000	0.420518	0.000000
0.420000	0.420369	0.000000
0.420000	0.420259	0.000000
0.420000	0.420179	0.000000
0.420000	0.420121	0.000000
0.420000	0.420081	0.000000
0.420000	0.420053	0.000000
0.420000	0.420033	0.000000
0.420000	0.420024	0.000000
0.430000	0.894823	0.063345
0.430000	0.892244	0.062636
0.430000	0.998350	0.000000
0.430000	0.774129	0.000000
0.430000	0.712838	0.000000
0.430000	0.860000	0.000000
0.430000	0.663494	0.000000
0.430000	0.622931	0.000000
0.430000	0.589348	0.000000
0.430000	0.561456	0.000000
0.430000	0.538260	0.000000
0.430000	0.518966	0.000000
0.430000	0.502924	0.000000
0.430000	0.489600	0.000000
0.430000	0.478552	0.000000
0.430000	0.469409	0.000000
0.430000	0.461862	0.000000
0.430000	0.455649	0.000000
0.430000	0.450552	0.000000
0.430000	0.446385	0.000000
0.430000	0.442992	0.000000
0.430000	0.440242	0.000000
0.430000	0.438024	0.000000
0.430000	0.436245	0.000000
0.430000	0.434826	0.000000
0.430000	0.433702	0.000000
0.430000	0.432816	0.000000
0.430000	0.432124	0.000000
0.430000	0.431588	0.000000
0.430000	0.431175	0.000000
0.430000	0.430861	0.000000
0.430000	0.430623	0.000000
0.430000	0.430446	0.000000
0.430000	0.430315	0.000000
0.430000	0.430219	0.000000
0.430000	0.430150	0.000000
0.430000	0.430100	0.000000
0.430000	0.430042	0.000000
0.430000	0.430066	0.000000
0.430000	0.932838	0.000000
0.430000	0.811763	0.000000
0.430000	0.741685	0.000000
0.430000	0.686938	0.000000
0.430000	0.642261	0.000000
0.430000	0.605374	0.000000
0.430000	0.574777	0.000000
0.430000	0.549344	0.000000
0.430000	0.528188	0.000000
0.430000	0.510592	0.000000
0.430000	0.495970	0.000000
0.430000	0.483833	0.000000
0.430000	0.473779	0.000000
0.430000	0.465468	0.000000
0.430000	0.458617	0.000000
0.430000	0.452986	0.000000
0.430000	0.448374	0.000000
0.430000	0.444611	0.000000
0.430000	0.441553	0.000000
0.430000	0.439081	0.000000
0.430000	0.437093	0.000000
0.430000	0.435502	0.000000
0.430000	0.434237	0.000000
0.430000	0.433238	0.000000
0.430000	0.432454	0.000000
0.430000	0.431843	0.000000
0.430000	0.431371	0.000000
0.430000	0.431010	0.000000
0.430000	0.430736	0.000000
0.430000	0.430530	0.000000
0.430000	0.430377	0.000000
0.430000	0.430265	0.000000
0.430000	0.430183	0.000000
0.430000	0.430124	0.000000
0.430000	0.430083	0.000000
0.430000	0.430054	0.000000
0.430000	0.430034	0.000000
0.430000	0.430024	0.000000
0.440000	0.907411	0.054367
0.440000	0.911943	0.053587
0.440000	0.791151	0.000000
0.440000	0.880000	0.000000
0.440000	0.728824	0.000000
0.440000	0.678539	0.000000
0.440000	0.637152	0.000000
0.440000	0.602863	0.000000
0.440000	0.574373	0.000000
0.440000	0.550673	0.000000
0.440000	0.530955	0.000000
0.440000	0.514558	0.000000
0.440000	0.500939	0.000000
0.440000	0.489645	0.000000
0.440000	0.480297	0.000000
0.440000	0.472581	0.000000
0.440000	0.466228	0.000000
0.440000	0.461016	0.000000
0.440000	0.456755	0.000000
0.440000	0.453286	0.000000
0.440000	0.450474	0.000000
0.440000	0.448206	0.000000
0.440000	0.446387	0.000000
0.440000	0.444936	0.000000
0.440000	0.443786	0.000000
0.440000	0.442880	0.000000
0.440000	0.442173	0.000000
0.440000	0.441624	0.000000
0.440000	0.441202	0.000000
0.440000	0.440880	0.000000
0.440000	0.440637	0.000000
0.440000	0.440456	0.000000
0.440000	0.440322	0.000000
0.440000	0.440224	0.000000
0.440000	0.440153	0.000000
0.440000	0.440103	0.000000
0.440000	0.440043	0.000000
0.440000	0.440067	0.000000
0.440000	0.961460	0.000000
0.440000	0.829415	0.000000
0.440000	0.758177	0.000000
0.440000	0.702439	0.000000
0.440000	0.656878	0.000000
0.440000	0.619227	0.000000
0.440000	0.587980	0.000000
0.440000	0.561997	0.000000
0.440000	0.540379	0.000000
0.440000	0.522396	0.000000
0.440000	0.507449	0.000000
0.440000	0.495043	0.000000
0.440000	0.484764	0.000000
0.440000	0.476268	0.000000
0.440000	0.469262	0.000000
0.440000	0.463505	0.000000
0.440000	0.458789	0.000000
0.440000	0.454941	0.000000
0.440000	0.451815	0.000000
0.440000	0.449287	0.000000
0.440000	0.447254	0.000000
0.440000	0.445627	0.000000
0.440000	0.444333	0.000000
0.440000	0.443311	0.000000
0.440000	0.442509	0.000000
0.440000	0.441885	0.000000
0.440000	0.441403	0.000000
0.440000	0.441033	0.000000
0.440000	0.440753	0.000000
0.440000	0.440543	0.000000
0.440000	0.440386	0.000000
0.440000	0.440271	0.000000
0.440000	0.440187	0.000000
0.440000	0.440127	0.000000
0.440000	0.440085	0.000000
0.440000	0.440055	0.000000
0.440000	0.440035	0.000000
0.440000	0.440025	0.000000
0.450000	0.922746	0.046809
0.450000	0.929242	0.042737
0.450000	0.808038	0.000000
0.450000	0.744758	0.000000
0.450000	0.900000	0.000000
0.450000	0.693558	0.000000
0.450000	0.651358	0.000000
0.450000	0.616368	0.000000
0.450000	0.587282	0.000000
0.450000	0.563080	0.000000
0.450000	0.542939	0.000000
0.450000	0.526189	0.000000
0.450000	0.512275	0.000000
0.450000	0.500735	0.000000
0.450000	0.491184	0.000000
0.450000	0.483298	0.000000
0.450000	0.476807	0.000000
0.450000	0.471480	0.000000
0.450000	0.467125	0.000000
0.450000	0.463580	0.000000
0.450000	0.460706	0.000000
0.450000	0.458388	0.000000
0.450000	0.456528	0.000000
0.450000	0.455045	0.000000
0.450000	0.453870	0.000000
0.450000	0.452944	0.000000
0.450000	0.452221	0.000000
0.450000	0.451660	0.000000
0.450000	0.451229	0.000000
0.450000	0.450900	0.000000
0.450000	0.450652	0.000000
0.450000	0.450466	0.000000
0.450000	0.450329	0.000000
0.450000	0.450229	0.000000
0.450000	0.450156	0.000000
0.450000	0.450105	0.000000
0.450000	0.450043	0.000000
0.450000	0.450069	0.000000
0.450000	0.990194	0.000000
0.450000	0.846788	0.000000
0.450000	0.774591	0.000000
0.450000	0.717904	0.000000
0.450000	0.671475	0.000000
0.450000	0.633068	0.000000
0.450000	0.601174	0.000000
0.450000	0.574644	0.000000
0.450000	0.552565	0.000000
0.450000	0.534195	0.000000
0.450000	0.518926	0.000000
0.450000	0.506250	0.000000
0.450000	0.495748	0.000000
0.450000	0.487065	0.000000
0.450000	0.479907	0.000000
0.450000	0.474023	0.000000
0.450000	0.469203	0.000000
0.450000	0.465271	0.000000
0.450000	0.462076	0.000000
0.450000	0.459492	0.000000
0.450000	0.457414	0.000000
0.450000	0.455751	0.000000
0.450000	0.454429	0.000000
0.450000	0.453384	0.000000
0.450000	0.452565	0.000000
0.450000	0.451927	0.000000
0.450000	0.451434	0.000000
0.450000	0.451056	0.000000
0.450000	0.450770	0.000000
0.450000	0.450555	0.000000
0.450000	0.450395	0.000000
0.450000	0.450277	0.000000
0.450000	0.450191	0.000000
0.450000	0.450130	0.000000
0.450000	0.450087	0.000000
0.450000	0.450056	0.000000
0.450000	0.450035	0.000000
0.450000	0.450025	0.000000
0.460000	0.938620	0.039644
0.460000	0.946765	0.029321
0.460000	0.824781	0.000000
0.460000	0.760642	0.000000
0.460000	0.920000	0.000000
0.460000	0.708550	0.000000
0.460000	0.665548	0.000000
0.460000	0.629862	0.000000
0.460000	0.600184	0.000000
0.460000	0.575481	0.000000
0.460000	0.554920	0.000000
0.460000	0.537817	0.000000
0.460000	0.523609	0.000000
0.460000	0.511823	0.000000
0.460000	0.502069	0.000000
0.460000	0.494014	0.000000
0.460000	0.487384	0.000000
0.460000	0.481943	0.000000
0.460000	0.477495	0.000000
0.460000	0.473873	0.000000
0.460000	0.470937	0.000000
0.460000	0.468569	0.000000
0.460000	0.466670	0.000000
0.460000	0.465155	0.000000
0.460000	0.463954	0.000000
0.460000	0.463008	0.000000
0.460000	0.462269	0.000000
0.460000	0.461696	0.000000
0.460000	0.461256	0.000000
0.460000	0.460920	0.000000
0.460000	0.460666	0.000000
0.460000	0.460476	0.000000
0.460000	0.460336	0.000000
0.460000	0.460234	0.000000
0.460000	0.460160	0.000000
0.460000	0.460107	0.000000
0.460000	0.460044	0.000000
0.460000	0.460070	0.000000
0.460000	0.863835	0.000000
0.460000	0.790924	0.000000
0.460000	0.733334	0.000000
0.460000	0.686053	0.000000
0.460000	0.646896	0.000000
0.460000	0.614359	0.000000
0.460000	0.587284	0.000000
0.460000	0.564746	0.000000
0.460000	0.545991	0.000000
0.460000	0.530399	0.000000
0.460000	0.517455	0.000000
0.460000	0.506729	0.000000
0.460000	0.497861	0.000000
0.460000	0.490550	0.000000
0.460000	0.484540	0.000000
0.460000	0.479617	0.000000
0.460000	0.475600	0.000000
0.460000	0.472336	0.000000
0.460000	0.469697	0.000000
0.460000	0.467574	0.000000
0.460000	0.465876	0.000000
0.460000	0.464525	0.000000
0.460000	0.463458	0.000000
0.460000	0.462621	0.000000
0.460000	0.461969	0.000000
0.460000	0.461465	0.000000
0.460000	0.461079	0.000000
0.460000	0.460787	0.000000
0.460000	0.460567	0.000000
0.460000	0.460403	0.000000
0.460000	0.460283	0.000000
0.460000	0.460196	0.000000
0.460000	0.460133	0.000000
0.460000	0.460089	0.000000
0.460000	0.460058	0.000000
0.460000	0.460036	0.000000
0.460000	0.460026	0.000000
0.470000	0.955155	0.032440
0.470000	0.971024	0.000000
0.470000	0.958041	0.000000
0.470000	0.841373	0.000000
0.470000	0.776472	0.000000
0.470000	0.940000	0.000000
0.470000	0.723517	0.000000
0.470000	0.679722	0.000000
0.470000	0.643346	0.000000
0.470000	0.613079	0.000000
0.470000	0.587877	0.000000
0.470000	0.566897	0.000000
0.470000	0.549442	0.000000
0.470000	0.534940	0.000000
0.470000	0.522910	0.000000
0.470000	0.512952	0.000000
0.470000	0.504729	0.000000
0.470000	0.497960	0.000000
0.470000	0.492405	0.000000
0.470000	0.487863	0.000000
0.470000	0.484166	0.000000
0.470000	0.481168	0.000000
0.470000	0.478750	0.000000
0.470000	0.476811	0.000000
0.470000	0.475264	0.000000
0.470000	0.474037	0.000000
0.470000	0.473072	0.000000
0.470000	0.472317	0.000000
0.470000	0.471732	0.000000
0.470000	0.471282	0.000000
0.470000	0.470939	0.000000
0.470000	0.470680	0.000000
0.470000	0.470487	0.000000
0.470000	0.470343	0.000000
0.470000	0.470163	0.000000
0.470000	0.470239	0.000000
0.470000	0.470110	0.000000
0.470000	0.470045	0.000000
0.470000	0.470072	0.000000
0.470000	0.880519	0.000000
0.470000	0.807173	0.000000
0.470000	0.748728	0.000000
0.470000	0.700610	0.000000
0.470000	0.660711	0.000000
0.470000	0.627535	0.000000
0.470000	0.599918	0.000000
0.470000	0.576922	0.000000
0.470000	0.557784	0.000000
0.470000	0.541870	0.000000
0.470000	0.528658	0.000000
0.470000	0.517709	0.000000
0.470000	0.508656	0.000000
0.470000	0.501192	0.000000
0.470000	0.495056	0.000000
0.470000	0.490030	0.000000
0.470000	0.485929	0.000000
0.470000	0.482596	0.000000
0.470000	0.479902	0.000000
0.470000	0.477734	0.000000
0.470000	0.476000	0.000000
0.470000	0.474621	0.000000
0.470000	0.473531	0.000000
0.470000	0.472676	0.000000
0.470000	0.472010	0.000000
0.470000	0.471496	0.000000
0.470000	0.471102	0.000000
0.470000	0.470804	0.000000
0.470000	0.470579	0.000000
0.470000	0.470412	0.000000
0.470000	0.470289	0.000000
0.470000	0.470200	0.000000
0.470000	0.470136	0.000000
0.470000	0.470090	0.000000
0.470000	0.470059	0.000000
0.470000	0.470037	0.000000
0.470000	0.470027	0.000000
