0.001000	0.949482	0.000000
0.001000	0.828200	0.000000
0.001000	0.722687	0.000000
0.001000	0.630845	0.000000
0.001000	0.550862	0.000000
0.001000	0.481169	0.000000
0.001000	0.420411	0.000000
0.001000	0.367420	0.000000
0.001000	0.321182	0.000000
0.001000	0.280824	0.000000
0.001000	0.245587	0.000000
0.001000	0.214811	0.000000
0.001000	0.187927	0.000000
0.001000	0.164438	0.000000
0.001000	0.143911	0.000000
0.001000	0.125970	0.000000
0.001000	0.110288	0.000000
0.001000	0.096578	0.000000
0.001000	0.084592	0.000000
0.001000	0.074112	0.000000
0.001000	0.064948	0.000000
0.001000	0.056935	0.000000
0.001000	0.049927	0.000000
0.001000	0.043798	0.000000
0.001000	0.038437	0.000000
0.001000	0.033749	0.000000
0.001000	0.029648	0.000000
0.001000	0.026062	0.000000
0.001000	0.022924	0.000000
0.001000	0.020180	0.000000
0.001000	0.017779	0.000000
0.001000	0.015679	0.000000
0.001000	0.013842	0.000000
0.001000	0.012235	0.000000
0.001000	0.010829	0.000000
0.010000	0.013112	0.009514
0.010000	0.989873	0.000000
0.010000	0.863701	0.000000
0.010000	0.754101	0.000000
0.010000	0.658870	0.000000
0.010000	0.576084	0.000000
0.010000	0.504071	0.000000
0.010000	0.441386	0.000000
0.010000	0.386783	0.000000
0.010000	0.339189	0.000000
0.010000	0.297678	0.000000
0.010000	0.261455	0.000000
0.010000	0.229831	0.000000
0.010000	0.202212	0.000000
0.010000	0.178082	0.000000
0.010000	0.156994	0.000000
0.010000	0.138562	0.000000
0.010000	0.122447	0.000000
0.010000	0.108356	0.000000
0.010000	0.096034	0.000000
0.010000	0.085255	0.000000
0.010000	0.075827	0.000000
0.010000	0.067579	0.000000
0.010000	0.060363	0.000000
0.010000	0.054049	0.000000
0.010000	0.048524	0.000000
0.010000	0.043689	0.000000
0.010000	0.039457	0.000000
0.010000	0.035752	0.000000
0.010000	0.032510	0.000000
0.010000	0.029672	0.000000
0.010000	0.027188	0.000000
0.010000	0.025015	0.000000
0.010000	0.023114	0.000000
0.010000	0.021452	0.000000
0.010000	0.018732	0.000000
0.010000	0.020000	0.000000
0.010000	0.017625	0.000000
0.010000	0.016660	0.000000
0.010000	0.015818	0.000000
0.010000	0.015084	0.000000
0.010000	0.014443	0.000000
0.010000	0.013883	0.000000
0.010000	0.013395	0.000000
0.010000	0.012969	0.000000
0.010000	0.012596	0.000000
0.010000	0.012271	0.000000
0.010000	0.011986	0.000000
0.010000	0.011737	0.000000
0.010000	0.011520	0.000000
0.010000	0.011329	0.000000
0.010000	0.011163	0.000000
0.010000	0.011017	0.000000
0.010000	0.010890	0.000000
0.010000	0.010779	0.000000
0.010000	0.010681	0.000000
0.010000	0.010596	0.000000
0.010000	0.010521	0.000000
0.010000	0.010456	0.000000
0.010000	0.010399	0.000000
0.010000	0.010349	0.000000
0.010000	0.010305	0.000000
0.010000	0.010267	0.000000
0.010000	0.010234	0.000000
0.010000	0.010204	0.000000
0.010000	0.010179	0.000000
0.010000	0.010156	0.000000
0.010000	0.010137	0.000000
0.010000	0.010120	0.000000
0.010000	0.010105	0.000000
0.010000	0.010092	0.000000
0.010000	0.010080	0.000000
0.010000	0.010070	0.000000
0.010000	0.010061	0.000000
0.010000	0.010054	0.000000
0.010000	0.010047	0.000000
0.010000	0.010041	0.000000
0.010000	0.010036	0.000000
0.010000	0.010031	0.000000
0.010000	0.010027	0.000000
0.010000	0.010024	0.000000
0.010000	0.010021	0.000000
0.010000	0.010018	0.000000
0.010000	0.010016	0.000000
0.010000	0.010014	0.000000
0.010000	0.010012	0.000000
0.010000	0.010011	0.000000
0.010000	0.010009	0.000000
0.010000	0.010008	0.000000
0.010000	0.010007	0.000000
0.010000	0.010006	0.000000
0.010000	0.010005	0.000000
0.010000	0.010005	0.000000
0.010000	0.010004	0.000000
0.010000	0.010004	0.000000
0.010000	0.010003	0.000000
0.010000	0.010003	0.000000
0.010000	0.010002	0.000000
0.010000	0.010002	0.000000
0.010000	0.010002	0.000000
0.010000	0.010002	0.000000
0.010000	0.010001	0.000000
0.010000	0.010001	0.000000
0.010000	0.010001	0.000000
0.010000	0.010001	0.000000
0.010000	0.010001	0.000000
0.010000	0.010001	0.000000
0.010000	0.010001	0.000000
0.010000	0.010001	0.000000
0.020000	0.026260	0.019076
0.020000	0.897584	0.000000
0.020000	0.784715	0.000000
0.020000	0.686653	0.000000
0.020000	0.601428	0.000000
0.020000	0.527322	0.000000
0.020000	0.462844	0.000000
0.020000	0.406705	0.000000
0.020000	0.357792	0.000000
0.020000	0.315148	0.000000
0.020000	0.277948	0.000000
0.020000	0.245479	0.000000
0.020000	0.217127	0.000000
0.020000	0.192361	0.000000
0.020000	0.170719	0.000000
0.020000	0.151803	0.000000
0.020000	0.135264	0.000000
0.020000	0.120802	0.000000
0.020000	0.108152	0.000000
0.020000	0.097086	0.000000
0.020000	0.087404	0.000000
0.020000	0.078932	0.000000
0.020000	0.071518	0.000000
0.020000	0.065029	0.000000
0.020000	0.059350	0.000000
0.020000	0.054381	0.000000
0.020000	0.050032	0.000000
0.020000	0.046229	0.000000
0.020000	0.042905	0.000000
0.020000	0.037464	0.000000
0.020000	0.040000	0.000000
0.020000	0.035251	0.000000
0.020000	0.033320	0.000000
0.020000	0.031636	0.000000
0.020000	0.030167	0.000000
0.020000	0.028885	0.000000
0.020000	0.027767	0.000000
0.020000	0.026790	0.000000
0.020000	0.025937	0.000000
0.020000	0.025192	0.000000
0.020000	0.024541	0.000000
0.020000	0.023972	0.000000
0.020000	0.023474	0.000000
0.020000	0.023039	0.000000
0.020000	0.022659	0.000000
0.020000	0.022326	0.000000
0.020000	0.022035	0.000000
0.020000	0.021780	0.000000
0.020000	0.021557	0.000000
0.020000	0.021362	0.000000
0.020000	0.021192	0.000000
0.020000	0.021043	0.000000
0.020000	0.020912	0.000000
0.020000	0.020798	0.000000
0.020000	0.020698	0.000000
0.020000	0.020611	0.000000
0.020000	0.020534	0.000000
0.020000	0.020467	0.000000
0.020000	0.020409	0.000000
0.020000	0.020358	0.000000
0.020000	0.020313	0.000000
0.020000	0.020274	0.000000
0.020000	0.020239	0.000000
0.020000	0.020209	0.000000
0.020000	0.020183	0.000000
0.020000	0.020160	0.000000
0.020000	0.020140	0.000000
0.020000	0.020122	0.000000
0.020000	0.020107	0.000000
0.020000	0.020094	0.000000
0.020000	0.020082	0.000000
0.020000	0.020072	0.000000
0.020000	0.020063	0.000000
0.020000	0.020055	0.000000
0.020000	0.020048	0.000000
0.020000	0.020042	0.000000
0.020000	0.020037	0.000000
0.020000	0.020032	0.000000
0.020000	0.020028	0.000000
0.020000	0.020024	0.000000
0.020000	0.020021	0.000000
0.020000	0.020019	0.000000
0.020000	0.020016	0.000000
0.020000	0.020014	0.000000
0.020000	0.020012	0.000000
0.020000	0.020011	0.000000
0.020000	0.020010	0.000000
0.020000	0.020008	0.000000
0.020000	0.020007	0.000000
0.020000	0.020006	0.000000
0.020000	0.020006	0.000000
0.020000	0.020005	0.000000
0.020000	0.020004	0.000000
0.020000	0.020004	0.000000
0.020000	0.020003	0.000000
0.020000	0.020003	0.000000
0.020000	0.020002	0.000000
0.020000	0.020001	0.000000
0.020000	0.020002	0.000000
0.020000	0.020001	0.000000
0.020000	0.020001	0.000000
0.020000	0.020002	0.000000
0.020000	0.020002	0.000000
0.030000	0.039482	0.028738
0.030000	0.913034	0.000000
0.030000	0.799387	0.000000
0.030000	0.700643	0.000000
0.030000	0.614827	0.000000
0.030000	0.540213	0.000000
0.030000	0.475303	0.000000
0.030000	0.418797	0.000000
0.030000	0.369574	0.000000
0.030000	0.326667	0.000000
0.030000	0.289242	0.000000
0.030000	0.256581	0.000000
0.030000	0.228064	0.000000
0.030000	0.203154	0.000000
0.030000	0.181386	0.000000
0.030000	0.162359	0.000000
0.030000	0.145723	0.000000
0.030000	0.131173	0.000000
0.030000	0.118445	0.000000
0.030000	0.107310	0.000000
0.030000	0.097566	0.000000
0.030000	0.089040	0.000000
0.030000	0.081580	0.000000
0.030000	0.075054	0.000000
0.030000	0.069347	0.000000
0.030000	0.064358	0.000000
0.030000	0.056195	0.000000
0.030000	0.060000	0.000000
0.030000	0.052875	0.000000
0.030000	0.049978	0.000000
0.030000	0.047452	0.000000
0.030000	0.045249	0.000000
0.030000	0.043327	0.000000
0.030000	0.041649	0.000000
0.030000	0.040184	0.000000
0.030000	0.038905	0.000000
0.030000	0.037788	0.000000
0.030000	0.036811	0.000000
0.030000	0.035958	0.000000
0.030000	0.035211	0.000000
0.030000	0.034559	0.000000
0.030000	0.033988	0.000000
0.030000	0.033489	0.000000
0.030000	0.033052	0.000000
0.030000	0.032670	0.000000
0.030000	0.032336	0.000000
0.030000	0.032044	0.000000
0.030000	0.031788	0.000000
0.030000	0.031564	0.000000
0.030000	0.031368	0.000000
0.030000	0.031197	0.000000
0.030000	0.031047	0.000000
0.030000	0.030916	0.000000
0.030000	0.030801	0.000000
0.030000	0.030701	0.000000
0.030000	0.030613	0.000000
0.030000	0.030536	0.000000
0.030000	0.030469	0.000000
0.030000	0.030410	0.000000
0.030000	0.030359	0.000000
0.030000	0.030314	0.000000
0.030000	0.030275	0.000000
0.030000	0.030240	0.000000
0.030000	0.030210	0.000000
0.030000	0.030184	0.000000
0.030000	0.030161	0.000000
0.030000	0.030140	0.000000
0.030000	0.030123	0.000000
0.030000	0.030107	0.000000
0.030000	0.030094	0.000000
0.030000	0.030082	0.000000
0.030000	0.030072	0.000000
0.030000	0.030063	0.000000
0.030000	0.030055	0.000000
0.030000	0.030048	0.000000
0.030000	0.030042	0.000000
0.030000	0.030037	0.000000
0.030000	0.030032	0.000000
0.030000	0.030028	0.000000
0.030000	0.030024	0.000000
0.030000	0.030021	0.000000
0.030000	0.030019	0.000000
0.030000	0.030016	0.000000
0.030000	0.030014	0.000000
0.030000	0.030012	0.000000
0.030000	0.030011	0.000000
0.030000	0.030009	0.000000
0.030000	0.030008	0.000000
0.030000	0.030007	0.000000
0.030000	0.030006	0.000000
0.030000	0.030006	0.000000
0.030000	0.030005	0.000000
0.030000	0.030004	0.000000
0.030000	0.030004	0.000000
0.030000	0.030002	0.000000
0.030000	0.030003	0.000000
0.030000	0.030002	0.000000
0.030000	0.030002	0.000000
0.030000	0.030003	0.000000
0.030000	0.030002	0.000000
0.040000	0.052822	0.038550
0.040000	0.943012	0.000000
0.040000	0.826707	0.000000
0.040000	0.725645	0.000000
0.040000	0.637814	0.000000
0.040000	0.561454	0.000000
0.040000	0.495034	0.000000
0.040000	0.437224	0.000000
0.040000	0.386875	0.000000
0.040000	0.342994	0.000000
0.040000	0.304726	0.000000
0.040000	0.271334	0.000000
0.040000	0.242182	0.000000
0.040000	0.216718	0.000000
0.040000	0.194468	0.000000
0.040000	0.175019	0.000000
0.040000	0.158013	0.000000
0.040000	0.143140	0.000000
0.040000	0.130130	0.000000
0.040000	0.118748	0.000000
0.040000	0.108791	0.000000
0.040000	0.100083	0.000000
0.040000	0.092468	0.000000
0.040000	0.085813	0.000000
0.040000	0.074925	0.000000
0.040000	0.080000	0.000000
0.040000	0.070498	0.000000
0.040000	0.066636	0.000000
0.040000	0.063268	0.000000
0.040000	0.060330	0.000000
0.040000	0.057767	0.000000
0.040000	0.055531	0.000000
0.040000	0.053578	0.000000
0.040000	0.051873	0.000000
0.040000	0.050383	0.000000
0.040000	0.049081	0.000000
0.040000	0.047943	0.000000
0.040000	0.046948	0.000000
0.040000	0.046078	0.000000
0.040000	0.045317	0.000000
0.040000	0.044651	0.000000
0.040000	0.044069	0.000000
0.040000	0.043560	0.000000
0.040000	0.043114	0.000000
0.040000	0.042725	0.000000
0.040000	0.042384	0.000000
0.040000	0.042085	0.000000
0.040000	0.041824	0.000000
0.040000	0.041596	0.000000
0.040000	0.041396	0.000000
0.040000	0.041221	0.000000
0.040000	0.041068	0.000000
0.040000	0.040935	0.000000
0.040000	0.040818	0.000000
0.040000	0.040715	0.000000
0.040000	0.040626	0.000000
0.040000	0.040547	0.000000
0.040000	0.040479	0.000000
0.040000	0.040419	0.000000
0.040000	0.040366	0.000000
0.040000	0.040320	0.000000
0.040000	0.040280	0.000000
0.040000	0.040245	0.000000
0.040000	0.040214	0.000000
0.040000	0.040187	0.000000
0.040000	0.040164	0.000000
0.040000	0.040143	0.000000
0.040000	0.040125	0.000000
0.040000	0.040110	0.000000
0.040000	0.040096	0.000000
0.040000	0.040084	0.000000
0.040000	0.040073	0.000000
0.040000	0.040064	0.000000
0.040000	0.040056	0.000000
0.040000	0.040049	0.000000
0.040000	0.040043	0.000000
0.040000	0.040037	0.000000
0.040000	0.040033	0.000000
0.040000	0.040029	0.000000
0.040000	0.040025	0.000000
0.040000	0.040022	0.000000
0.040000	0.040019	0.000000
0.040000	0.040017	0.000000
0.040000	0.040014	0.000000
0.040000	0.040013	0.000000
0.040000	0.040011	0.000000
0.040000	0.040010	0.000000
0.040000	0.040008	0.000000
0.040000	0.040007	0.000000
0.040000	0.040006	0.000000
0.040000	0.040006	0.000000
0.040000	0.040005	0.000000
0.040000	0.040002	0.000000
0.040000	0.040004	0.000000
0.040000	0.040002	0.000000
0.040000	0.040003	0.000000
0.040000	0.040004	0.000000
0.040000	0.040003	0.000000
0.050000	0.066326	0.048564
0.050000	0.913794	0.000000
0.050000	0.802598	0.000000
0.050000	0.705962	0.000000
0.050000	0.621964	0.000000
0.050000	0.548925	0.000000
0.050000	0.485381	0.000000
0.050000	0.430065	0.000000
0.050000	0.381880	0.000000
0.050000	0.339878	0.000000
0.050000	0.303244	0.000000
0.050000	0.271272	0.000000
0.050000	0.243355	0.000000
0.050000	0.218967	0.000000
0.050000	0.197653	0.000000
0.050000	0.179021	0.000000
0.050000	0.162728	0.000000
0.050000	0.148479	0.000000
0.050000	0.136018	0.000000
0.050000	0.125120	0.000000
0.050000	0.115594	0.000000
0.050000	0.107270	0.000000
0.050000	0.093655	0.000000
0.050000	0.100000	0.000000
0.050000	0.088119	0.000000
0.050000	0.083292	0.000000
0.050000	0.079081	0.000000
0.050000	0.075410	0.000000
0.050000	0.072206	0.000000
0.050000	0.069411	0.000000
0.050000	0.066971	0.000000
0.050000	0.064839	0.000000
0.050000	0.062977	0.000000
0.050000	0.061350	0.000000
0.050000	0.059928	0.000000
0.050000	0.058684	0.000000
0.050000	0.057597	0.000000
0.050000	0.056646	0.000000
0.050000	0.055814	0.000000
0.050000	0.055086	0.000000
0.050000	0.054450	0.000000
0.050000	0.053893	0.000000
0.050000	0.053406	0.000000
0.050000	0.052979	0.000000
0.050000	0.052607	0.000000
0.050000	0.052280	0.000000
0.050000	0.051995	0.000000
0.050000	0.051745	0.000000
0.050000	0.051527	0.000000
0.050000	0.051335	0.000000
0.050000	0.051168	0.000000
0.050000	0.051022	0.000000
0.050000	0.050894	0.000000
0.050000	0.050782	0.000000
0.050000	0.050684	0.000000
0.050000	0.050598	0.000000
0.050000	0.050523	0.000000
0.050000	0.050458	0.000000
0.050000	0.050400	0.000000
0.050000	0.050350	0.000000
0.050000	0.050306	0.000000
0.050000	0.050268	0.000000
0.050000	0.050234	0.000000
0.050000	0.050205	0.000000
0.050000	0.050179	0.000000
0.050000	0.050157	0.000000
0.050000	0.050137	0.000000
0.050000	0.050120	0.000000
0.050000	0.050105	0.000000
0.050000	0.050091	0.000000
0.050000	0.050080	0.000000
0.050000	0.050070	0.000000
0.050000	0.050061	0.000000
0.050000	0.050053	0.000000
0.050000	0.050047	0.000000
0.050000	0.050041	0.000000
0.050000	0.050036	0.000000
0.050000	0.050031	0.000000
0.050000	0.050027	0.000000
0.050000	0.050024	0.000000
0.050000	0.050021	0.000000
0.050000	0.050018	0.000000
0.050000	0.050016	0.000000
0.050000	0.050014	0.000000
0.050000	0.050012	0.000000
0.050000	0.050011	0.000000
0.050000	0.050009	0.000000
0.050000	0.050008	0.000000
0.050000	0.050007	0.000000
0.050000	0.050006	0.000000
0.050000	0.050003	0.000000
0.050000	0.050005	0.000000
0.050000	0.050003	0.000000
0.050000	0.050003	0.000000
0.050000	0.050005	0.000000
0.050000	0.050004	0.000000
0.060000	0.080052	0.058834
0.060000	0.969343	0.000000
0.060000	0.852161	0.000000
0.060000	0.750311	0.000000
0.060000	0.661781	0.000000
0.060000	0.584808	0.000000
0.060000	0.517855	0.000000
0.060000	0.459584	0.000000
0.060000	0.408839	0.000000
0.060000	0.364618	0.000000
0.060000	0.326057	0.000000
0.060000	0.292411	0.000000
0.060000	0.263038	0.000000
0.060000	0.237383	0.000000
0.060000	0.214965	0.000000
0.060000	0.195371	0.000000
0.060000	0.178240	0.000000
0.060000	0.163263	0.000000
0.060000	0.150169	0.000000
0.060000	0.138726	0.000000
0.060000	0.128729	0.000000
0.060000	0.112383	0.000000
0.060000	0.120000	0.000000
0.060000	0.105739	0.000000
0.060000	0.099945	0.000000
0.060000	0.094893	0.000000
0.060000	0.090487	0.000000
0.060000	0.086644	0.000000
0.060000	0.083290	0.000000
0.060000	0.080362	0.000000
0.060000	0.077805	0.000000
0.060000	0.075571	0.000000
0.060000	0.073619	0.000000
0.060000	0.071912	0.000000
0.060000	0.070420	0.000000
0.060000	0.069115	0.000000
0.060000	0.067974	0.000000
0.060000	0.066976	0.000000
0.060000	0.066103	0.000000
0.060000	0.065339	0.000000
0.060000	0.064671	0.000000
0.060000	0.064087	0.000000
0.060000	0.063575	0.000000
0.060000	0.063128	0.000000
0.060000	0.062736	0.000000
0.060000	0.062394	0.000000
0.060000	0.062094	0.000000
0.060000	0.061832	0.000000
0.060000	0.061603	0.000000
0.060000	0.061402	0.000000
0.060000	0.061226	0.000000
0.060000	0.061073	0.000000
0.060000	0.060938	0.000000
0.060000	0.060821	0.000000
0.060000	0.060718	0.000000
0.060000	0.060628	0.000000
0.060000	0.060549	0.000000
0.060000	0.060480	0.000000
0.060000	0.060420	0.000000
0.060000	0.060367	0.000000
0.060000	0.060321	0.000000
0.060000	0.060281	0.000000
0.060000	0.060246	0.000000
0.060000	0.060215	0.000000
0.060000	0.060188	0.000000
0.060000	0.060164	0.000000
0.060000	0.060144	0.000000
0.060000	0.060126	0.000000
0.060000	0.060110	0.000000
0.060000	0.060096	0.000000
0.060000	0.060084	0.000000
0.060000	0.060073	0.000000
0.060000	0.060064	0.000000
0.060000	0.060056	0.000000
0.060000	0.060049	0.000000
0.060000	0.060043	0.000000
0.060000	0.060037	0.000000
0.060000	0.060033	0.000000
0.060000	0.060029	0.000000
0.060000	0.060025	0.000000
0.060000	0.060022	0.000000
0.060000	0.060019	0.000000
0.060000	0.060017	0.000000
0.060000	0.060014	0.000000
0.060000	0.060013	0.000000
0.060000	0.060011	0.000000
0.060000	0.060010	0.000000
0.060000	0.060008	0.000000
0.060000	0.060007	0.000000
0.060000	0.060003	0.000000
0.060000	0.060006	0.000000
0.060000	0.060004	0.000000
0.060000	0.060004	0.000000
0.060000	0.060006	0.000000
0.060000	0.060005	0.000000
0.070000	0.094072	0.069416
0.070000	0.999804	0.000000
0.070000	0.879929	0.000000
0.070000	0.775724	0.000000
0.070000	0.685139	0.000000
0.070000	0.606377	0.000000
0.070000	0.537869	0.000000
0.070000	0.478251	0.000000
0.070000	0.426336	0.000000
0.070000	0.381102	0.000000
0.070000	0.341661	0.000000
0.070000	0.307252	0.000000
0.070000	0.277216	0.000000
0.070000	0.250983	0.000000
0.070000	0.228065	0.000000
0.070000	0.208036	0.000000
0.070000	0.190531	0.000000
0.070000	0.175232	0.000000
0.070000	0.161865	0.000000
0.070000	0.150191	0.000000
0.070000	0.131109	0.000000
0.070000	0.140000	0.000000
0.070000	0.123356	0.000000
0.070000	0.116596	0.000000
0.070000	0.110702	0.000000
0.070000	0.105562	0.000000
0.070000	0.101079	0.000000
0.070000	0.097167	0.000000
0.070000	0.093752	0.000000
0.070000	0.090769	0.000000
0.070000	0.088164	0.000000
0.070000	0.085886	0.000000
0.070000	0.083896	0.000000
0.070000	0.082155	0.000000
0.070000	0.080633	0.000000
0.070000	0.079302	0.000000
0.070000	0.078138	0.000000
0.070000	0.077120	0.000000
0.070000	0.076229	0.000000
0.070000	0.075449	0.000000
0.070000	0.074767	0.000000
0.070000	0.074171	0.000000
0.070000	0.073649	0.000000
0.070000	0.073192	0.000000
0.070000	0.072792	0.000000
0.070000	0.072443	0.000000
0.070000	0.072137	0.000000
0.070000	0.071869	0.000000
0.070000	0.071635	0.000000
0.070000	0.071431	0.000000
0.070000	0.071251	0.000000
0.070000	0.071095	0.000000
0.070000	0.070957	0.000000
0.070000	0.070837	0.000000
0.070000	0.070733	0.000000
0.070000	0.070641	0.000000
0.070000	0.070560	0.000000
0.070000	0.070490	0.000000
0.070000	0.070429	0.000000
0.070000	0.070375	0.000000
0.070000	0.070328	0.000000
0.070000	0.070287	0.000000
0.070000	0.070251	0.000000
0.070000	0.070219	0.000000
0.070000	0.070192	0.000000
0.070000	0.070168	0.000000
0.070000	0.070146	0.000000
0.070000	0.070128	0.000000
0.070000	0.070112	0.000000
0.070000	0.070098	0.000000
0.070000	0.070086	0.000000
0.070000	0.070075	0.000000
0.070000	0.070065	0.000000
0.070000	0.070057	0.000000
0.070000	0.070050	0.000000
0.070000	0.070044	0.000000
0.070000	0.070038	0.000000
0.070000	0.070033	0.000000
0.070000	0.070029	0.000000
0.070000	0.070025	0.000000
0.070000	0.070022	0.000000
0.070000	0.070019	0.000000
0.070000	0.070017	0.000000
0.070000	0.070015	0.000000
0.070000	0.070013	0.000000
0.070000	0.070011	0.000000
0.070000	0.070010	0.000000
0.070000	0.070009	0.000000
0.070000	0.070004	0.000000
0.070000	0.070007	0.000000
0.070000	0.070004	0.000000
0.070000	0.070005	0.000000
0.070000	0.070006	0.000000
0.070000	0.070006	0.000000
0.080000	0.108472	0.080365
0.080000	0.890642	0.000000
0.080000	0.786313	0.000000
0.080000	0.695610	0.000000
0.080000	0.616738	0.000000
0.080000	0.548130	0.000000
0.080000	0.488422	0.000000
0.080000	0.436429	0.000000
0.080000	0.391126	0.000000
0.080000	0.351627	0.000000
0.080000	0.317166	0.000000
0.080000	0.287087	0.000000
0.080000	0.260819	0.000000
0.080000	0.237873	0.000000
0.080000	0.217825	0.000000
0.080000	0.200311	0.000000
0.080000	0.185012	0.000000
0.080000	0.171656	0.000000
0.080000	0.149834	0.000000
0.080000	0.160000	0.000000
0.080000	0.140970	0.000000
0.080000	0.133243	0.000000
0.080000	0.126508	0.000000
0.080000	0.120635	0.000000
0.080000	0.115512	0.000000
0.080000	0.111042	0.000000
0.080000	0.107140	0.000000
0.080000	0.103732	0.000000
0.080000	0.100755	0.000000
0.080000	0.098153	0.000000
0.080000	0.095879	0.000000
0.080000	0.093890	0.000000
0.080000	0.092151	0.000000
0.080000	0.090630	0.000000
0.080000	0.089299	0.000000
0.080000	0.088136	0.000000
0.080000	0.087118	0.000000
0.080000	0.086227	0.000000
0.080000	0.085448	0.000000
0.080000	0.084766	0.000000
0.080000	0.084170	0.000000
0.080000	0.083648	0.000000
0.080000	0.083191	0.000000
0.080000	0.082792	0.000000
0.080000	0.082442	0.000000
0.080000	0.082136	0.000000
0.080000	0.081869	0.000000
0.080000	0.081635	0.000000
0.080000	0.081430	0.000000
0.080000	0.081251	0.000000
0.080000	0.081094	0.000000
0.080000	0.080957	0.000000
0.080000	0.080837	0.000000
0.080000	0.080732	0.000000
0.080000	0.080640	0.000000
0.080000	0.080560	0.000000
0.080000	0.080490	0.000000
0.080000	0.080428	0.000000
0.080000	0.080375	0.000000
0.080000	0.080328	0.000000
0.080000	0.080286	0.000000
0.080000	0.080250	0.000000
0.080000	0.080219	0.000000
0.080000	0.080191	0.000000
0.080000	0.080167	0.000000
0.080000	0.080146	0.000000
0.080000	0.080128	0.000000
0.080000	0.080112	0.000000
0.080000	0.080098	0.000000
0.080000	0.080085	0.000000
0.080000	0.080075	0.000000
0.080000	0.080065	0.000000
0.080000	0.080057	0.000000
0.080000	0.080050	0.000000
0.080000	0.080044	0.000000
0.080000	0.080038	0.000000
0.080000	0.080033	0.000000
0.080000	0.080029	0.000000
0.080000	0.080025	0.000000
0.080000	0.080022	0.000000
0.080000	0.080019	0.000000
0.080000	0.080017	0.000000
0.080000	0.080015	0.000000
0.080000	0.080013	0.000000
0.080000	0.080011	0.000000
0.080000	0.080010	0.000000
0.080000	0.080004	0.000000
0.080000	0.080008	0.000000
0.080000	0.080005	0.000000
0.080000	0.080006	0.000000
0.080000	0.080007	0.000000
0.080000	0.080006	0.000000
0.090000	0.123363	0.091732
0.090000	0.888251	0.000000
0.090000	0.785509	0.000000
0.090000	0.696172	0.000000
0.090000	0.618478	0.000000
0.090000	0.550886	0.000000
0.090000	0.492056	0.000000
0.090000	0.440822	0.000000
0.090000	0.396176	0.000000
0.090000	0.357248	0.000000
0.090000	0.323285	0.000000
0.090000	0.293641	0.000000
0.090000	0.267756	0.000000
0.090000	0.245150	0.000000
0.090000	0.225407	0.000000
0.090000	0.208170	0.000000
0.090000	0.193125	0.000000
0.090000	0.168556	0.000000
0.090000	0.180000	0.000000
0.090000	0.158581	0.000000
0.090000	0.149888	0.000000
0.090000	0.142310	0.000000
0.090000	0.135704	0.000000
0.090000	0.129943	0.000000
0.090000	0.124915	0.000000
0.090000	0.120526	0.000000
0.090000	0.116694	0.000000
0.090000	0.113345	0.000000
0.090000	0.110419	0.000000
0.090000	0.107860	0.000000
0.090000	0.105624	0.000000
0.090000	0.103668	0.000000
0.090000	0.101957	0.000000
0.090000	0.100460	0.000000
0.090000	0.099151	0.000000
0.090000	0.098006	0.000000
0.090000	0.097004	0.000000
0.090000	0.096128	0.000000
0.090000	0.095361	0.000000
0.090000	0.094690	0.000000
0.090000	0.094103	0.000000
0.090000	0.093590	0.000000
0.090000	0.093140	0.000000
0.090000	0.092747	0.000000
0.090000	0.092403	0.000000
0.090000	0.092102	0.000000
0.090000	0.091839	0.000000
0.090000	0.091609	0.000000
0.090000	0.091407	0.000000
0.090000	0.091231	0.000000
0.090000	0.091077	0.000000
0.090000	0.090942	0.000000
0.090000	0.090824	0.000000
0.090000	0.090720	0.000000
0.090000	0.090630	0.000000
0.090000	0.090551	0.000000
0.090000	0.090482	0.000000
0.090000	0.090421	0.000000
0.090000	0.090369	0.000000
0.090000	0.090322	0.000000
0.090000	0.090282	0.000000
0.090000	0.090246	0.000000
0.090000	0.090215	0.000000
0.090000	0.090188	0.000000
0.090000	0.090165	0.000000
0.090000	0.090144	0.000000
0.090000	0.090126	0.000000
0.090000	0.090110	0.000000
0.090000	0.090096	0.000000
0.090000	0.090084	0.000000
0.090000	0.090073	0.000000
0.090000	0.090064	0.000000
0.090000	0.090056	0.000000
0.090000	0.090049	0.000000
0.090000	0.090043	0.000000
0.090000	0.090037	0.000000
0.090000	0.090033	0.000000
0.090000	0.090028	0.000000
0.090000	0.090025	0.000000
0.090000	0.090022	0.000000
0.090000	0.090019	0.000000
0.090000	0.090017	0.000000
0.090000	0.090014	0.000000
0.090000	0.090013	0.000000
0.090000	0.090011	0.000000
0.090000	0.090005	0.000000
0.090000	0.090010	0.000000
0.090000	0.090005	0.000000
0.090000	0.090006	0.000000
0.090000	0.090008	0.000000
0.090000	0.090007	0.000000
0.100000	0.138887	0.103557
0.100000	0.990861	0.000000
0.100000	0.876016	0.000000
0.100000	0.776140	0.000000
0.100000	0.689281	0.000000
0.100000	0.613729	0.000000
0.100000	0.547989	0.000000
0.100000	0.490761	0.000000
0.100000	0.440914	0.000000
0.100000	0.397472	0.000000
0.100000	0.359589	0.000000
0.100000	0.326538	0.000000
0.100000	0.297692	0.000000
0.100000	0.272509	0.000000
0.100000	0.250525	0.000000
0.100000	0.231338	0.000000
0.100000	0.214598	0.000000
0.100000	0.187276	0.000000
0.100000	0.200000	0.000000
0.100000	0.176188	0.000000
0.100000	0.166528	0.000000
0.100000	0.158109	0.000000
0.100000	0.150770	0.000000
0.100000	0.144370	0.000000
0.100000	0.138785	0.000000
0.100000	0.133910	0.000000
0.100000	0.129653	0.000000
0.100000	0.125934	0.000000
0.100000	0.122683	0.000000
0.100000	0.119841	0.000000
0.100000	0.117357	0.000000
0.100000	0.115184	0.000000
0.100000	0.113283	0.000000
0.100000	0.111621	0.000000
0.100000	0.110167	0.000000
0.100000	0.108895	0.000000
0.100000	0.107782	0.000000
0.100000	0.106808	0.000000
0.100000	0.105956	0.000000
0.100000	0.105211	0.000000
0.100000	0.104559	0.000000
0.100000	0.103988	0.000000
0.100000	0.103489	0.000000
0.100000	0.103052	0.000000
0.100000	0.102670	0.000000
0.100000	0.102336	0.000000
0.100000	0.102043	0.000000
0.100000	0.101787	0.000000
0.100000	0.101563	0.000000
0.100000	0.101368	0.000000
0.100000	0.101196	0.000000
0.100000	0.101046	0.000000
0.100000	0.100915	0.000000
0.100000	0.100800	0.000000
0.100000	0.100700	0.000000
0.100000	0.100612	0.000000
0.100000	0.100535	0.000000
0.100000	0.100468	0.000000
0.100000	0.100409	0.000000
0.100000	0.100358	0.000000
0.100000	0.100313	0.000000
0.100000	0.100274	0.000000
0.100000	0.100239	0.000000
0.100000	0.100209	0.000000
0.100000	0.100183	0.000000
0.100000	0.100160	0.000000
0.100000	0.100140	0.000000
0.100000	0.100122	0.000000
0.100000	0.100107	0.000000
0.100000	0.100093	0.000000
0.100000	0.100082	0.000000
0.100000	0.100071	0.000000
0.100000	0.100062	0.000000
0.100000	0.100054	0.000000
0.100000	0.100048	0.000000
0.100000	0.100041	0.000000
0.100000	0.100036	0.000000
0.100000	0.100032	0.000000
0.100000	0.100028	0.000000
0.100000	0.100024	0.000000
0.100000	0.100021	0.000000
0.100000	0.100018	0.000000
0.100000	0.100016	0.000000
0.100000	0.100014	0.000000
0.100000	0.100012	0.000000
0.100000	0.100005	0.000000
0.100000	0.100011	0.000000
0.100000	0.100006	0.000000
0.100000	0.100007	0.000000
0.100000	0.100009	0.000000
0.100000	0.100008	0.000000
0.110000	0.155217	0.115860
0.110000	0.967067	0.000000
0.110000	0.856601	0.000000
0.110000	0.760519	0.000000
0.110000	0.676943	0.000000
0.110000	0.604232	0.000000
0.110000	0.540950	0.000000
0.110000	0.485851	0.000000
0.110000	0.437849	0.000000
0.110000	0.396008	0.000000
0.110000	0.359519	0.000000
0.110000	0.327685	0.000000
0.110000	0.299907	0.000000
0.110000	0.275666	0.000000
0.110000	0.254519	0.000000
0.110000	0.236076	0.000000
0.110000	0.205993	0.000000
0.110000	0.220000	0.000000
0.110000	0.193792	0.000000
0.110000	0.183163	0.000000
0.110000	0.173903	0.000000
0.110000	0.165832	0.000000
0.110000	0.158794	0.000000
0.110000	0.152653	0.000000
0.110000	0.147292	0.000000
0.110000	0.142611	0.000000
0.110000	0.138520	0.000000
0.110000	0.134946	0.000000
0.110000	0.131821	0.000000
0.110000	0.129089	0.000000
0.110000	0.126699	0.000000
0.110000	0.124609	0.000000
0.110000	0.122781	0.000000
0.110000	0.121182	0.000000
0.110000	0.119783	0.000000
0.110000	0.118559	0.000000
0.110000	0.117488	0.000000
0.110000	0.116551	0.000000
0.110000	0.115731	0.000000
0.110000	0.115014	0.000000
0.110000	0.114386	0.000000
0.110000	0.113837	0.000000
0.110000	0.113357	0.000000
0.110000	0.112937	0.000000
0.110000	0.112569	0.000000
0.110000	0.112247	0.000000
0.110000	0.111966	0.000000
0.110000	0.111720	0.000000
0.110000	0.111504	0.000000
0.110000	0.111316	0.000000
0.110000	0.111151	0.000000
0.110000	0.111007	0.000000
0.110000	0.110880	0.000000
0.110000	0.110770	0.000000
0.110000	0.110673	0.000000
0.110000	0.110589	0.000000
0.110000	0.110515	0.000000
0.110000	0.110450	0.000000
0.110000	0.110394	0.000000
0.110000	0.110344	0.000000
0.110000	0.110301	0.000000
0.110000	0.110263	0.000000
0.110000	0.110230	0.000000
0.110000	0.110201	0.000000
0.110000	0.110176	0.000000
0.110000	0.110154	0.000000
0.110000	0.110134	0.000000
0.110000	0.110117	0.000000
0.110000	0.110103	0.000000
0.110000	0.110090	0.000000
0.110000	0.110078	0.000000
0.110000	0.110068	0.000000
0.110000	0.110060	0.000000
0.110000	0.110052	0.000000
0.110000	0.110046	0.000000
0.110000	0.110040	0.000000
0.110000	0.110035	0.000000
0.110000	0.110030	0.000000
0.110000	0.110027	0.000000
0.110000	0.110023	0.000000
0.110000	0.110020	0.000000
0.110000	0.110018	0.000000
0.110000	0.110015	0.000000
0.110000	0.110013	0.000000
0.110000	0.110006	0.000000
0.110000	0.110012	0.000000
0.110000	0.110007	0.000000
0.110000	0.110008	0.000000
0.110000	0.110010	0.000000
0.110000	0.110009	0.000000
0.120000	0.172567	0.128619
0.120000	0.937509	0.000000
0.120000	0.832161	0.000000
0.120000	0.740514	0.000000
0.120000	0.660780	0.000000
0.120000	0.591395	0.000000
0.120000	0.530993	0.000000
0.120000	0.478388	0.000000
0.120000	0.432550	0.000000
0.120000	0.392591	0.000000
0.120000	0.357743	0.000000
0.120000	0.327347	0.000000
0.120000	0.300834	0.000000
0.120000	0.277713	0.000000
0.120000	0.257559	0.000000
0.120000	0.224707	0.000000
0.120000	0.240000	0.000000
0.120000	0.211391	0.000000
0.120000	0.199794	0.000000
0.120000	0.189693	0.000000
0.120000	0.180890	0.000000
0.120000	0.173214	0.000000
0.120000	0.166517	0.000000
0.120000	0.160671	0.000000
0.120000	0.155566	0.000000
0.120000	0.151106	0.000000
0.120000	0.147207	0.000000
0.120000	0.143799	0.000000
0.120000	0.140820	0.000000
0.120000	0.138214	0.000000
0.120000	0.135934	0.000000
0.120000	0.133940	0.000000
0.120000	0.132196	0.000000
0.120000	0.130670	0.000000
0.120000	0.129335	0.000000
0.120000	0.128167	0.000000
0.120000	0.127145	0.000000
0.120000	0.126251	0.000000
0.120000	0.125469	0.000000
0.120000	0.124785	0.000000
0.120000	0.124186	0.000000
0.120000	0.123662	0.000000
0.120000	0.123203	0.000000
0.120000	0.122802	0.000000
0.120000	0.122451	0.000000
0.120000	0.122144	0.000000
0.120000	0.121876	0.000000
0.120000	0.121641	0.000000
0.120000	0.121435	0.000000
0.120000	0.121255	0.000000
0.120000	0.121098	0.000000
0.120000	0.120960	0.000000
0.120000	0.120840	0.000000
0.120000	0.120735	0.000000
0.120000	0.120642	0.000000
0.120000	0.120562	0.000000
0.120000	0.120491	0.000000
0.120000	0.120430	0.000000
0.120000	0.120376	0.000000
0.120000	0.120328	0.000000
0.120000	0.120287	0.000000
0.120000	0.120251	0.000000
0.120000	0.120219	0.000000
0.120000	0.120192	0.000000
0.120000	0.120168	0.000000
0.120000	0.120147	0.000000
0.120000	0.120128	0.000000
0.120000	0.120112	0.000000
0.120000	0.120098	0.000000
0.120000	0.120086	0.000000
0.120000	0.120075	0.000000
0.120000	0.120065	0.000000
0.120000	0.120057	0.000000
0.120000	0.120050	0.000000
0.120000	0.120043	0.000000
0.120000	0.120038	0.000000
0.120000	0.120033	0.000000
0.120000	0.120029	0.000000
0.120000	0.120025	0.000000
0.120000	0.120022	0.000000
0.120000	0.120019	0.000000
0.120000	0.120017	0.000000
0.120000	0.120015	0.000000
0.120000	0.120006	0.000000
0.120000	0.120013	0.000000
0.120000	0.120007	0.000000
0.120000	0.120008	0.000000
0.120000	0.120011	0.000000
0.120000	0.120010	0.000000
0.130000	0.191181	0.141754
0.130000	0.904177	0.000000
0.130000	0.804424	0.000000
0.130000	0.717627	0.000000
0.130000	0.642094	0.000000
0.130000	0.576346	0.000000
0.130000	0.519096	0.000000
0.130000	0.469224	0.000000
0.130000	0.425761	0.000000
0.130000	0.387871	0.000000
0.130000	0.354834	0.000000
0.130000	0.326030	0.000000
0.130000	0.300923	0.000000
0.130000	0.279049	0.000000
0.130000	0.243418	0.000000
0.130000	0.260000	0.000000
0.130000	0.228984	0.000000
0.130000	0.216420	0.000000
0.130000	0.205477	0.000000
0.130000	0.195943	0.000000
0.130000	0.187630	0.000000
0.130000	0.180378	0.000000
0.130000	0.174047	0.000000
0.130000	0.168519	0.000000
0.130000	0.163689	0.000000
0.130000	0.159467	0.000000
0.130000	0.155777	0.000000
0.130000	0.152549	0.000000
0.130000	0.149727	0.000000
0.130000	0.147259	0.000000
0.130000	0.145099	0.000000
0.130000	0.143210	0.000000
0.130000	0.141558	0.000000
0.130000	0.140112	0.000000
0.130000	0.138847	0.000000
0.130000	0.137740	0.000000
0.130000	0.136771	0.000000
0.130000	0.135924	0.000000
0.130000	0.135183	0.000000
0.130000	0.134534	0.000000
0.130000	0.133966	0.000000
0.130000	0.133470	0.000000
0.130000	0.133035	0.000000
0.130000	0.132655	0.000000
0.130000	0.132323	0.000000
0.130000	0.132032	0.000000
0.130000	0.131777	0.000000
0.130000	0.131555	0.000000
0.130000	0.131360	0.000000
0.130000	0.131189	0.000000
0.130000	0.131040	0.000000
0.130000	0.130910	0.000000
0.130000	0.130796	0.000000
0.130000	0.130696	0.000000
0.130000	0.130609	0.000000
0.130000	0.130532	0.000000
0.130000	0.130465	0.000000
0.130000	0.130407	0.000000
0.130000	0.130356	0.000000
0.130000	0.130311	0.000000
0.130000	0.130272	0.000000
0.130000	0.130238	0.000000
0.130000	0.130208	0.000000
0.130000	0.130182	0.000000
0.130000	0.130159	0.000000
0.130000	0.130139	0.000000
0.130000	0.130121	0.000000
0.130000	0.130106	0.000000
0.130000	0.130093	0.000000
0.130000	0.130081	0.000000
0.130000	0.130071	0.000000
0.130000	0.130062	0.000000
0.130000	0.130054	0.000000
0.130000	0.130047	0.000000
0.130000	0.130041	0.000000
0.130000	0.130036	0.000000
0.130000	0.130031	0.000000
0.130000	0.130027	0.000000
0.130000	0.130024	0.000000
0.130000	0.130021	0.000000
0.130000	0.130018	0.000000
0.130000	0.130016	0.000000
0.130000	0.130007	0.000000
0.130000	0.130008	0.000000
0.130000	0.130014	0.000000
0.130000	0.130009	0.000000
0.130000	0.130012	0.000000
0.130000	0.130010	0.000000
0.140000	0.211312	0.155099
0.140000	0.976532	0.000000
0.140000	0.868650	0.000000
0.140000	0.774759	0.000000
0.140000	0.693044	0.000000
0.140000	0.621913	0.000000
0.140000	0.559980	0.000000
0.140000	0.506037	0.000000
0.140000	0.459037	0.000000
0.140000	0.418076	0.000000
0.140000	0.382374	0.000000
0.140000	0.351258	0.000000
0.140000	0.324150	0.000000
0.140000	0.300545	0.000000
0.140000	0.262125	0.000000
0.140000	0.280000	0.000000
0.140000	0.246573	0.000000
0.140000	0.233039	0.000000
0.140000	0.221256	0.000000
0.140000	0.210991	0.000000
0.140000	0.202042	0.000000
0.140000	0.194235	0.000000
0.140000	0.187421	0.000000
0.140000	0.181469	0.000000
0.140000	0.176270	0.000000
0.140000	0.171725	0.000000
0.140000	0.167752	0.000000
0.140000	0.164278	0.000000
0.140000	0.161240	0.000000
0.140000	0.158582	0.000000
0.140000	0.156257	0.000000
0.140000	0.154224	0.000000
0.140000	0.152444	0.000000
0.140000	0.150887	0.000000
0.140000	0.149525	0.000000
0.140000	0.148334	0.000000
0.140000	0.147291	0.000000
0.140000	0.146379	0.000000
0.140000	0.145580	0.000000
0.140000	0.144882	0.000000
0.140000	0.144271	0.000000
0.140000	0.143736	0.000000
0.140000	0.143268	0.000000
0.140000	0.142859	0.000000
0.140000	0.142501	0.000000
0.140000	0.142188	0.000000
0.140000	0.141914	0.000000
0.140000	0.141674	0.000000
0.140000	0.141464	0.000000
0.140000	0.141281	0.000000
0.140000	0.141120	0.000000
0.140000	0.140980	0.000000
0.140000	0.140857	0.000000
0.140000	0.140749	0.000000
0.140000	0.140655	0.000000
0.140000	0.140573	0.000000
0.140000	0.140501	0.000000
0.140000	0.140438	0.000000
0.140000	0.140383	0.000000
0.140000	0.140335	0.000000
0.140000	0.140293	0.000000
0.140000	0.140256	0.000000
0.140000	0.140224	0.000000
0.140000	0.140196	0.000000
0.140000	0.140171	0.000000
0.140000	0.140149	0.000000
0.140000	0.140131	0.000000
0.140000	0.140114	0.000000
0.140000	0.140100	0.000000
0.140000	0.140087	0.000000
0.140000	0.140076	0.000000
0.140000	0.140067	0.000000
0.140000	0.140058	0.000000
0.140000	0.140051	0.000000
0.140000	0.140044	0.000000
0.140000	0.140039	0.000000
0.140000	0.140034	0.000000
0.140000	0.140029	0.000000
0.140000	0.140026	0.000000
0.140000	0.140022	0.000000
0.140000	0.140020	0.000000
0.140000	0.140017	0.000000
0.140000	0.140007	0.000000
0.140000	0.140008	0.000000
0.140000	0.140015	0.000000
0.140000	0.140010	0.000000
0.140000	0.140013	0.000000
0.140000	0.140011	0.000000
0.150000	0.233193	0.168390
0.150000	0.933166	0.000000
0.150000	0.832162	0.000000
0.150000	0.744238	0.000000
0.150000	0.667693	0.000000
0.150000	0.601044	0.000000
0.150000	0.542996	0.000000
0.150000	0.492427	0.000000
0.150000	0.448364	0.000000
0.150000	0.409970	0.000000
0.150000	0.376522	0.000000
0.150000	0.347396	0.000000
0.150000	0.322048	0.000000
0.150000	0.280828	0.000000
0.150000	0.300000	0.000000
0.150000	0.264156	0.000000
0.150000	0.249653	0.000000
0.150000	0.237029	0.000000
0.150000	0.226034	0.000000
0.150000	0.216449	0.000000
0.150000	0.208088	0.000000
0.150000	0.200790	0.000000
0.150000	0.194417	0.000000
0.150000	0.188848	0.000000
0.150000	0.183981	0.000000
0.150000	0.179726	0.000000
0.150000	0.176006	0.000000
0.150000	0.172751	0.000000
0.150000	0.169905	0.000000
0.150000	0.167415	0.000000
0.150000	0.165236	0.000000
0.150000	0.163330	0.000000
0.150000	0.161663	0.000000
0.150000	0.160204	0.000000
0.150000	0.158927	0.000000
0.150000	0.157810	0.000000
0.150000	0.156833	0.000000
0.150000	0.155978	0.000000
0.150000	0.155230	0.000000
0.150000	0.154575	0.000000
0.150000	0.154003	0.000000
0.150000	0.153501	0.000000
0.150000	0.153063	0.000000
0.150000	0.152679	0.000000
0.150000	0.152344	0.000000
0.150000	0.152050	0.000000
0.150000	0.151793	0.000000
0.150000	0.151569	0.000000
0.150000	0.151372	0.000000
0.150000	0.151200	0.000000
0.150000	0.151050	0.000000
0.150000	0.150918	0.000000
0.150000	0.150803	0.000000
0.150000	0.150702	0.000000
0.150000	0.150614	0.000000
0.150000	0.150537	0.000000
0.150000	0.150469	0.000000
0.150000	0.150410	0.000000
0.150000	0.150359	0.000000
0.150000	0.150314	0.000000
0.150000	0.150274	0.000000
0.150000	0.150240	0.000000
0.150000	0.150210	0.000000
0.150000	0.150183	0.000000
0.150000	0.150160	0.000000
0.150000	0.150140	0.000000
0.150000	0.150122	0.000000
0.150000	0.150107	0.000000
0.150000	0.150093	0.000000
0.150000	0.150082	0.000000
0.150000	0.150071	0.000000
0.150000	0.150062	0.000000
0.150000	0.150054	0.000000
0.150000	0.150047	0.000000
0.150000	0.150041	0.000000
0.150000	0.150036	0.000000
0.150000	0.150032	0.000000
0.150000	0.150028	0.000000
0.150000	0.150024	0.000000
0.150000	0.150021	0.000000
0.150000	0.150018	0.000000
0.150000	0.150008	0.000000
0.150000	0.150009	0.000000
0.150000	0.150016	0.000000
0.150000	0.150010	0.000000
0.150000	0.150014	0.000000
0.150000	0.150012	0.000000
0.160000	0.257004	0.181274
0.160000	0.997946	0.000000
0.160000	0.889817	0.000000
0.160000	0.795666	0.000000
0.160000	0.713684	0.000000
0.160000	0.642290	0.000000
0.160000	0.580107	0.000000
0.160000	0.525937	0.000000
0.160000	0.478742	0.000000
0.160000	0.437629	0.000000
0.160000	0.401825	0.000000
0.160000	0.370663	0.000000
0.160000	0.343560	0.000000
0.160000	0.299526	0.000000
0.160000	0.320000	0.000000
0.160000	0.281732	0.000000
0.160000	0.266260	0.000000
0.160000	0.252796	0.000000
0.160000	0.241071	0.000000
0.160000	0.230852	0.000000
0.160000	0.221938	0.000000
0.160000	0.214157	0.000000
0.160000	0.207362	0.000000
0.160000	0.201425	0.000000
0.160000	0.196236	0.000000
0.160000	0.191699	0.000000
0.160000	0.187732	0.000000
0.160000	0.184262	0.000000
0.160000	0.181227	0.000000
0.160000	0.178571	0.000000
0.160000	0.176248	0.000000
0.160000	0.174216	0.000000
0.160000	0.172438	0.000000
0.160000	0.170882	0.000000
0.160000	0.169521	0.000000
0.160000	0.168330	0.000000
0.160000	0.167287	0.000000
0.160000	0.166376	0.000000
0.160000	0.165578	0.000000
0.160000	0.164880	0.000000
0.160000	0.164269	0.000000
0.160000	0.163734	0.000000
0.160000	0.163267	0.000000
0.160000	0.162858	0.000000
0.160000	0.162500	0.000000
0.160000	0.162187	0.000000
0.160000	0.161913	0.000000
0.160000	0.161673	0.000000
0.160000	0.161463	0.000000
0.160000	0.161280	0.000000
0.160000	0.161119	0.000000
0.160000	0.160979	0.000000
0.160000	0.160856	0.000000
0.160000	0.160749	0.000000
0.160000	0.160655	0.000000
0.160000	0.160573	0.000000
0.160000	0.160501	0.000000
0.160000	0.160438	0.000000
0.160000	0.160383	0.000000
0.160000	0.160335	0.000000
0.160000	0.160293	0.000000
0.160000	0.160256	0.000000
0.160000	0.160224	0.000000
0.160000	0.160195	0.000000
0.160000	0.160171	0.000000
0.160000	0.160149	0.000000
0.160000	0.160130	0.000000
0.160000	0.160114	0.000000
0.160000	0.160100	0.000000
0.160000	0.160087	0.000000
0.160000	0.160076	0.000000
0.160000	0.160066	0.000000
0.160000	0.160058	0.000000
0.160000	0.160051	0.000000
0.160000	0.160044	0.000000
0.160000	0.160039	0.000000
0.160000	0.160034	0.000000
0.160000	0.160029	0.000000
0.160000	0.160026	0.000000
0.160000	0.160022	0.000000
0.160000	0.160019	0.000000
0.160000	0.160008	0.000000
0.160000	0.160010	0.000000
0.160000	0.160017	0.000000
0.160000	0.160011	0.000000
0.160000	0.160015	0.000000
0.160000	0.160013	0.000000
0.170000	0.282837	0.193307
0.170000	0.947705	0.000000
0.170000	0.847317	0.000000
0.170000	0.759880	0.000000
0.170000	0.683720	0.000000
0.170000	0.617374	0.000000
0.170000	0.559574	0.000000
0.170000	0.509217	0.000000
0.170000	0.465356	0.000000
0.170000	0.427171	0.000000
0.170000	0.393953	0.000000
0.170000	0.365080	0.000000
0.170000	0.318220	0.000000
0.170000	0.340000	0.000000
0.170000	0.299302	0.000000
0.170000	0.282859	0.000000
0.170000	0.268556	0.000000
0.170000	0.256102	0.000000
0.170000	0.245249	0.000000
0.170000	0.235782	0.000000
0.170000	0.227520	0.000000
0.170000	0.220304	0.000000
0.170000	0.213999	0.000000
0.170000	0.208488	0.000000
0.170000	0.203670	0.000000
0.170000	0.199456	0.000000
0.170000	0.195771	0.000000
0.170000	0.192547	0.000000
0.170000	0.189727	0.000000
0.170000	0.187260	0.000000
0.170000	0.185101	0.000000
0.170000	0.183212	0.000000
0.170000	0.181560	0.000000
0.170000	0.180114	0.000000
0.170000	0.178849	0.000000
0.170000	0.177741	0.000000
0.170000	0.176773	0.000000
0.170000	0.175925	0.000000
0.170000	0.175184	0.000000
0.170000	0.174535	0.000000
0.170000	0.173967	0.000000
0.170000	0.173470	0.000000
0.170000	0.173036	0.000000
0.170000	0.172656	0.000000
0.170000	0.172323	0.000000
0.170000	0.172032	0.000000
0.170000	0.171777	0.000000
0.170000	0.171555	0.000000
0.170000	0.171360	0.000000
0.170000	0.171189	0.000000
0.170000	0.171040	0.000000
0.170000	0.170910	0.000000
0.170000	0.170795	0.000000
0.170000	0.170696	0.000000
0.170000	0.170608	0.000000
0.170000	0.170532	0.000000
0.170000	0.170465	0.000000
0.170000	0.170407	0.000000
0.170000	0.170356	0.000000
0.170000	0.170311	0.000000
0.170000	0.170272	0.000000
0.170000	0.170238	0.000000
0.170000	0.170208	0.000000
0.170000	0.170181	0.000000
0.170000	0.170159	0.000000
0.170000	0.170139	0.000000
0.170000	0.170121	0.000000
0.170000	0.170106	0.000000
0.170000	0.170092	0.000000
0.170000	0.170081	0.000000
0.170000	0.170071	0.000000
0.170000	0.170062	0.000000
0.170000	0.170054	0.000000
0.170000	0.170047	0.000000
0.170000	0.170041	0.000000
0.170000	0.170036	0.000000
0.170000	0.170031	0.000000
0.170000	0.170027	0.000000
0.170000	0.170024	0.000000
0.170000	0.170021	0.000000
0.170000	0.170009	0.000000
0.170000	0.170010	0.000000
0.170000	0.170018	0.000000
0.170000	0.170012	0.000000
0.170000	0.170016	0.000000
0.170000	0.170014	0.000000
0.180000	0.310660	0.203962
0.180000	0.899175	0.000000
0.180000	0.806274	0.000000
0.180000	0.725331	0.000000
0.180000	0.654802	0.000000
0.180000	0.593344	0.000000
0.180000	0.539797	0.000000
0.180000	0.493158	0.000000
0.180000	0.452566	0.000000
0.180000	0.417269	0.000000
0.180000	0.386611	0.000000
0.180000	0.336908	0.000000
0.180000	0.360000	0.000000
0.180000	0.316864	0.000000
0.180000	0.299451	0.000000
0.180000	0.284309	0.000000
0.180000	0.271127	0.000000
0.180000	0.259641	0.000000
0.180000	0.249623	0.000000
0.180000	0.240879	0.000000
0.180000	0.233243	0.000000
0.180000	0.226570	0.000000
0.180000	0.220738	0.000000
0.180000	0.215639	0.000000
0.180000	0.211180	0.000000
0.180000	0.207279	0.000000
0.180000	0.203867	0.000000
0.180000	0.200882	0.000000
0.180000	0.198271	0.000000
0.180000	0.195986	0.000000
0.180000	0.193986	0.000000
0.180000	0.192237	0.000000
0.180000	0.190706	0.000000
0.180000	0.189367	0.000000
0.180000	0.188195	0.000000
0.180000	0.187170	0.000000
0.180000	0.186273	0.000000
0.180000	0.185488	0.000000
0.180000	0.184801	0.000000
0.180000	0.184200	0.000000
0.180000	0.183674	0.000000
0.180000	0.183214	0.000000
0.180000	0.182811	0.000000
0.180000	0.182459	0.000000
0.180000	0.182151	0.000000
0.180000	0.181882	0.000000
0.180000	0.181646	0.000000
0.180000	0.181440	0.000000
0.180000	0.181259	0.000000
0.180000	0.181101	0.000000
0.180000	0.180963	0.000000
0.180000	0.180842	0.000000
0.180000	0.180736	0.000000
0.180000	0.180644	0.000000
0.180000	0.180563	0.000000
0.180000	0.180492	0.000000
0.180000	0.180431	0.000000
0.180000	0.180376	0.000000
0.180000	0.180329	0.000000
0.180000	0.180288	0.000000
0.180000	0.180251	0.000000
0.180000	0.180220	0.000000
0.180000	0.180192	0.000000
0.180000	0.180168	0.000000
0.180000	0.180147	0.000000
0.180000	0.180128	0.000000
0.180000	0.180112	0.000000
0.180000	0.180098	0.000000
0.180000	0.180085	0.000000
0.180000	0.180075	0.000000
0.180000	0.180065	0.000000
0.180000	0.180057	0.000000
0.180000	0.180050	0.000000
0.180000	0.180043	0.000000
0.180000	0.180038	0.000000
0.180000	0.180033	0.000000
0.180000	0.180029	0.000000
0.180000	0.180025	0.000000
0.180000	0.180022	0.000000
0.180000	0.180009	0.000000
0.180000	0.180011	0.000000
0.180000	0.180019	0.000000
0.180000	0.180013	0.000000
0.180000	0.180017	0.000000
0.180000	0.180014	0.000000
0.190000	0.340234	0.212667
0.190000	0.951225	0.000000
0.190000	0.852855	0.000000
0.190000	0.767120	0.000000
0.190000	0.692391	0.000000
0.190000	0.627254	0.000000
0.190000	0.570488	0.000000
0.190000	0.521042	0.000000
0.190000	0.478013	0.000000
0.190000	0.440614	0.000000
0.190000	0.408152	0.000000
0.190000	0.355591	0.000000
0.190000	0.380000	0.000000
0.190000	0.334418	0.000000
0.190000	0.316034	0.000000
0.190000	0.300054	0.000000
0.190000	0.286145	0.000000
0.190000	0.274027	0.000000
0.190000	0.263458	0.000000
0.190000	0.254234	0.000000
0.190000	0.246178	0.000000
0.190000	0.239139	0.000000
0.190000	0.232986	0.000000
0.190000	0.227606	0.000000
0.190000	0.222901	0.000000
0.190000	0.218786	0.000000
0.190000	0.215186	0.000000
0.190000	0.212036	0.000000
0.190000	0.209281	0.000000
0.190000	0.206870	0.000000
0.190000	0.204760	0.000000
0.190000	0.202914	0.000000
0.190000	0.201299	0.000000
0.190000	0.199885	0.000000
0.190000	0.198649	0.000000
0.190000	0.197567	0.000000
0.190000	0.196620	0.000000
0.190000	0.195791	0.000000
0.190000	0.195067	0.000000
0.190000	0.194432	0.000000
0.190000	0.193877	0.000000
0.190000	0.193392	0.000000
0.190000	0.192967	0.000000
0.190000	0.192596	0.000000
0.190000	0.192270	0.000000
0.190000	0.191986	0.000000
0.190000	0.191737	0.000000
0.190000	0.191519	0.000000
0.190000	0.191329	0.000000
0.190000	0.191162	0.000000
0.190000	0.191016	0.000000
0.190000	0.190889	0.000000
0.190000	0.190777	0.000000
0.190000	0.190680	0.000000
0.190000	0.190594	0.000000
0.190000	0.190520	0.000000
0.190000	0.190454	0.000000
0.190000	0.190397	0.000000
0.190000	0.190347	0.000000
0.190000	0.190304	0.000000
0.190000	0.190265	0.000000
0.190000	0.190232	0.000000
0.190000	0.190203	0.000000
0.190000	0.190177	0.000000
0.190000	0.190155	0.000000
0.190000	0.190135	0.000000
0.190000	0.190118	0.000000
0.190000	0.190103	0.000000
0.190000	0.190090	0.000000
0.190000	0.190079	0.000000
0.190000	0.190069	0.000000
0.190000	0.190060	0.000000
0.190000	0.190052	0.000000
0.190000	0.190046	0.000000
0.190000	0.190040	0.000000
0.190000	0.190035	0.000000
0.190000	0.190030	0.000000
0.190000	0.190027	0.000000
0.190000	0.190023	0.000000
0.190000	0.190010	0.000000
0.190000	0.190012	0.000000
0.190000	0.190020	0.000000
0.190000	0.190013	0.000000
0.190000	0.190018	0.000000
0.190000	0.190015	0.000000
0.200000	0.371059	0.218927
0.200000	0.899614	0.000000
0.200000	0.809081	0.000000
0.200000	0.730141	0.000000
0.200000	0.661307	0.000000
0.200000	0.601298	0.000000
0.200000	0.549015	0.000000
0.200000	0.503519	0.000000
0.200000	0.463991	0.000000
0.200000	0.429706	0.000000
0.200000	0.374268	0.000000
0.200000	0.400000	0.000000
0.200000	0.351964	0.000000
0.200000	0.332609	0.000000
0.200000	0.315791	0.000000
0.200000	0.301156	0.000000
0.200000	0.288407	0.000000
0.200000	0.277289	0.000000
0.200000	0.267585	0.000000
0.200000	0.259110	0.000000
0.200000	0.251705	0.000000
0.200000	0.245232	0.000000
0.200000	0.239571	0.000000
0.200000	0.234621	0.000000
0.200000	0.230291	0.000000
0.200000	0.226503	0.000000
0.200000	0.223189	0.000000
0.200000	0.220290	0.000000
0.200000	0.217753	0.000000
0.200000	0.215533	0.000000
0.200000	0.213590	0.000000
0.200000	0.211891	0.000000
0.200000	0.210403	0.000000
0.200000	0.209102	0.000000
0.200000	0.207963	0.000000
0.200000	0.206967	0.000000
0.200000	0.206095	0.000000
0.200000	0.205332	0.000000
0.200000	0.204665	0.000000
0.200000	0.204081	0.000000
0.200000	0.203570	0.000000
0.200000	0.203123	0.000000
0.200000	0.202732	0.000000
0.200000	0.202389	0.000000
0.200000	0.202090	0.000000
0.200000	0.201828	0.000000
0.200000	0.201599	0.000000
0.200000	0.201399	0.000000
0.200000	0.201223	0.000000
0.200000	0.201070	0.000000
0.200000	0.200936	0.000000
0.200000	0.200818	0.000000
0.200000	0.200715	0.000000
0.200000	0.200626	0.000000
0.200000	0.200547	0.000000
0.200000	0.200478	0.000000
0.200000	0.200418	0.000000
0.200000	0.200366	0.000000
0.200000	0.200320	0.000000
0.200000	0.200279	0.000000
0.200000	0.200244	0.000000
0.200000	0.200213	0.000000
0.200000	0.200187	0.000000
0.200000	0.200163	0.000000
0.200000	0.200142	0.000000
0.200000	0.200124	0.000000
0.200000	0.200109	0.000000
0.200000	0.200095	0.000000
0.200000	0.200083	0.000000
0.200000	0.200072	0.000000
0.200000	0.200063	0.000000
0.200000	0.200055	0.000000
0.200000	0.200048	0.000000
0.200000	0.200042	0.000000
0.200000	0.200037	0.000000
0.200000	0.200032	0.000000
0.200000	0.200028	0.000000
0.200000	0.200024	0.000000
0.200000	0.200011	0.000000
0.200000	0.200012	0.000000
0.200000	0.200021	0.000000
0.200000	0.200014	0.000000
0.200000	0.200018	0.000000
0.200000	0.200016	0.000000
0.210000	0.402431	0.222497
0.210000	0.946535	0.000000
0.210000	0.851207	0.000000
0.210000	0.768051	0.000000
0.210000	0.695508	0.000000
0.210000	0.632234	0.000000
0.210000	0.577086	0.000000
0.210000	0.529090	0.000000
0.210000	0.487403	0.000000
0.210000	0.451273	0.000000
0.210000	0.392938	0.000000
0.210000	0.420000	0.000000
0.210000	0.369501	0.000000
0.210000	0.349175	0.000000
0.210000	0.331519	0.000000
0.210000	0.316160	0.000000
0.210000	0.302781	0.000000
0.210000	0.291114	0.000000
0.210000	0.280931	0.000000
0.210000	0.272038	0.000000
0.210000	0.264268	0.000000
0.210000	0.257475	0.000000
0.210000	0.251535	0.000000
0.210000	0.246340	0.000000
0.210000	0.241795	0.000000
0.210000	0.237820	0.000000
0.210000	0.234342	0.000000
0.210000	0.231298	0.000000
0.210000	0.228635	0.000000
0.210000	0.226305	0.000000
0.210000	0.224266	0.000000
0.210000	0.222482	0.000000
0.210000	0.220921	0.000000
0.210000	0.219555	0.000000
0.210000	0.218360	0.000000
0.210000	0.217314	0.000000
0.210000	0.216399	0.000000
0.210000	0.215598	0.000000
0.210000	0.214897	0.000000
0.210000	0.214284	0.000000
0.210000	0.213748	0.000000
0.210000	0.213278	0.000000
0.210000	0.212868	0.000000
0.210000	0.212509	0.000000
0.210000	0.212194	0.000000
0.210000	0.211919	0.000000
0.210000	0.211679	0.000000
0.210000	0.211468	0.000000
0.210000	0.211284	0.000000
0.210000	0.211123	0.000000
0.210000	0.210982	0.000000
0.210000	0.210859	0.000000
0.210000	0.210751	0.000000
0.210000	0.210657	0.000000
0.210000	0.210574	0.000000
0.210000	0.210502	0.000000
0.210000	0.210439	0.000000
0.210000	0.210384	0.000000
0.210000	0.210336	0.000000
0.210000	0.210293	0.000000
0.210000	0.210256	0.000000
0.210000	0.210224	0.000000
0.210000	0.210196	0.000000
0.210000	0.210171	0.000000
0.210000	0.210150	0.000000
0.210000	0.210131	0.000000
0.210000	0.210114	0.000000
0.210000	0.210100	0.000000
0.210000	0.210087	0.000000
0.210000	0.210076	0.000000
0.210000	0.210066	0.000000
0.210000	0.210058	0.000000
0.210000	0.210051	0.000000
0.210000	0.210044	0.000000
0.210000	0.210039	0.000000
0.210000	0.210034	0.000000
0.210000	0.210029	0.000000
0.210000	0.210026	0.000000
0.210000	0.210011	0.000000
0.210000	0.210013	0.000000
0.210000	0.210022	0.000000
0.210000	0.210015	0.000000
0.210000	0.210019	0.000000
0.210000	0.210017	0.000000
0.220000	0.433637	0.223469
0.220000	0.993607	0.000000
0.220000	0.893488	0.000000
0.220000	0.806117	0.000000
0.220000	0.729857	0.000000
0.220000	0.663302	0.000000
0.220000	0.605262	0.000000
0.220000	0.554734	0.000000
0.220000	0.510856	0.000000
0.220000	0.472855	0.000000
0.220000	0.411600	0.000000
0.220000	0.440000	0.000000
0.220000	0.387027	0.000000
0.220000	0.365730	0.000000
0.220000	0.347238	0.000000
0.220000	0.331156	0.000000
0.220000	0.317148	0.000000
0.220000	0.304934	0.000000
0.220000	0.294274	0.000000
0.220000	0.284963	0.000000
0.220000	0.276827	0.000000
0.220000	0.269715	0.000000
0.220000	0.263496	0.000000
0.220000	0.258056	0.000000
0.220000	0.253298	0.000000
0.220000	0.249135	0.000000
0.220000	0.245493	0.000000
0.220000	0.242306	0.000000
0.220000	0.239517	0.000000
0.220000	0.237077	0.000000
0.220000	0.234942	0.000000
0.220000	0.233073	0.000000
0.220000	0.231438	0.000000
0.220000	0.230008	0.000000
0.220000	0.228756	0.000000
0.220000	0.227660	0.000000
0.220000	0.226702	0.000000
0.220000	0.225863	0.000000
0.220000	0.225129	0.000000
0.220000	0.224487	0.000000
0.220000	0.223925	0.000000
0.220000	0.223434	0.000000
0.220000	0.223004	0.000000
0.220000	0.222628	0.000000
0.220000	0.222298	0.000000
0.220000	0.222010	0.000000
0.220000	0.221758	0.000000
0.220000	0.221538	0.000000
0.220000	0.221345	0.000000
0.220000	0.221176	0.000000
0.220000	0.221029	0.000000
0.220000	0.220900	0.000000
0.220000	0.220787	0.000000
0.220000	0.220688	0.000000
0.220000	0.220602	0.000000
0.220000	0.220526	0.000000
0.220000	0.220460	0.000000
0.220000	0.220402	0.000000
0.220000	0.220352	0.000000
0.220000	0.220307	0.000000
0.220000	0.220269	0.000000
0.220000	0.220235	0.000000
0.220000	0.220205	0.000000
0.220000	0.220179	0.000000
0.220000	0.220157	0.000000
0.220000	0.220137	0.000000
0.220000	0.220120	0.000000
0.220000	0.220104	0.000000
0.220000	0.220091	0.000000
0.220000	0.220080	0.000000
0.220000	0.220070	0.000000
0.220000	0.220061	0.000000
0.220000	0.220053	0.000000
0.220000	0.220046	0.000000
0.220000	0.220040	0.000000
0.220000	0.220035	0.000000
0.220000	0.220031	0.000000
0.220000	0.220027	0.000000
0.220000	0.220012	0.000000
0.220000	0.220013	0.000000
0.220000	0.220023	0.000000
0.220000	0.220015	0.000000
0.220000	0.220020	0.000000
0.220000	0.220018	0.000000
0.230000	0.464135	0.222179
0.230000	0.935913	0.000000
0.230000	0.844333	0.000000
0.230000	0.764355	0.000000
0.230000	0.694508	0.000000
0.230000	0.633553	0.000000
0.230000	0.580458	0.000000
0.230000	0.534355	0.000000
0.230000	0.494455	0.000000
0.230000	0.430255	0.000000
0.230000	0.460000	0.000000
0.230000	0.404543	0.000000
0.230000	0.382275	0.000000
0.230000	0.362948	0.000000
0.230000	0.346144	0.000000
0.230000	0.331509	0.000000
0.230000	0.318748	0.000000
0.230000	0.307611	0.000000
0.230000	0.297884	0.000000
0.230000	0.289384	0.000000
0.230000	0.281953	0.000000
0.230000	0.275455	0.000000
0.230000	0.269771	0.000000
0.230000	0.264799	0.000000
0.230000	0.260449	0.000000
0.230000	0.256643	0.000000
0.230000	0.253313	0.000000
0.230000	0.250398	0.000000
0.230000	0.247848	0.000000
0.230000	0.245617	0.000000
0.230000	0.243664	0.000000
0.230000	0.241955	0.000000
0.230000	0.240460	0.000000
0.230000	0.239152	0.000000
0.230000	0.238007	0.000000
0.230000	0.237005	0.000000
0.230000	0.236128	0.000000
0.230000	0.235361	0.000000
0.230000	0.234690	0.000000
0.230000	0.234103	0.000000
0.230000	0.233589	0.000000
0.230000	0.233140	0.000000
0.230000	0.232747	0.000000
0.230000	0.232402	0.000000
0.230000	0.232101	0.000000
0.230000	0.231838	0.000000
0.230000	0.231608	0.000000
0.230000	0.231406	0.000000
0.230000	0.231230	0.000000
0.230000	0.231075	0.000000
0.230000	0.230941	0.000000
0.230000	0.230822	0.000000
0.230000	0.230719	0.000000
0.230000	0.230629	0.000000
0.230000	0.230550	0.000000
0.230000	0.230481	0.000000
0.230000	0.230420	0.000000
0.230000	0.230367	0.000000
0.230000	0.230321	0.000000
0.230000	0.230281	0.000000
0.230000	0.230245	0.000000
0.230000	0.230214	0.000000
0.230000	0.230187	0.000000
0.230000	0.230164	0.000000
0.230000	0.230143	0.000000
0.230000	0.230125	0.000000
0.230000	0.230109	0.000000
0.230000	0.230095	0.000000
0.230000	0.230083	0.000000
0.230000	0.230073	0.000000
0.230000	0.230064	0.000000
0.230000	0.230055	0.000000
0.230000	0.230048	0.000000
0.230000	0.230042	0.000000
0.230000	0.230037	0.000000
0.230000	0.230032	0.000000
0.230000	0.230028	0.000000
0.230000	0.230012	0.000000
0.230000	0.230014	0.000000
0.230000	0.230024	0.000000
0.230000	0.230016	0.000000
0.230000	0.230021	0.000000
0.230000	0.230018	0.000000
0.240000	0.493614	0.219059
0.240000	0.978471	0.000000
0.240000	0.882690	0.000000
0.240000	0.799000	0.000000
0.240000	0.725856	0.000000
0.240000	0.661966	0.000000
0.240000	0.606273	0.000000
0.240000	0.557904	0.000000
0.240000	0.516074	0.000000
0.240000	0.448900	0.000000
0.240000	0.480000	0.000000
0.240000	0.422048	0.000000
0.240000	0.398809	0.000000
0.240000	0.378649	0.000000
0.240000	0.361123	0.000000
0.240000	0.345862	0.000000
0.240000	0.332557	0.000000
0.240000	0.320944	0.000000
0.240000	0.310801	0.000000
0.240000	0.301938	0.000000
0.240000	0.294188	0.000000
0.240000	0.287412	0.000000
0.240000	0.281484	0.000000
0.240000	0.276299	0.000000
0.240000	0.271762	0.000000
0.240000	0.267792	0.000000
0.240000	0.264318	0.000000
0.240000	0.261279	0.000000
0.240000	0.258619	0.000000
0.240000	0.256291	0.000000
0.240000	0.254254	0.000000
0.240000	0.252472	0.000000
0.240000	0.250912	0.000000
0.240000	0.249547	0.000000
0.240000	0.248353	0.000000
0.240000	0.247308	0.000000
0.240000	0.246393	0.000000
0.240000	0.245593	0.000000
0.240000	0.244893	0.000000
0.240000	0.244281	0.000000
0.240000	0.243745	0.000000
0.240000	0.243276	0.000000
0.240000	0.242865	0.000000
0.240000	0.242507	0.000000
0.240000	0.242192	0.000000
0.240000	0.241918	0.000000
0.240000	0.241677	0.000000
0.240000	0.241467	0.000000
0.240000	0.241283	0.000000
0.240000	0.241122	0.000000
0.240000	0.240981	0.000000
0.240000	0.240858	0.000000
0.240000	0.240750	0.000000
0.240000	0.240656	0.000000
0.240000	0.240574	0.000000
0.240000	0.240502	0.000000
0.240000	0.240439	0.000000
0.240000	0.240383	0.000000
0.240000	0.240335	0.000000
0.240000	0.240293	0.000000
0.240000	0.240256	0.000000
0.240000	0.240224	0.000000
0.240000	0.240196	0.000000
0.240000	0.240171	0.000000
0.240000	0.240149	0.000000
0.240000	0.240130	0.000000
0.240000	0.240114	0.000000
0.240000	0.240100	0.000000
0.240000	0.240087	0.000000
0.240000	0.240076	0.000000
0.240000	0.240066	0.000000
0.240000	0.240058	0.000000
0.240000	0.240050	0.000000
0.240000	0.240044	0.000000
0.240000	0.240038	0.000000
0.240000	0.240033	0.000000
0.240000	0.240029	0.000000
0.240000	0.240013	0.000000
0.240000	0.240015	0.000000
0.240000	0.240025	0.000000
0.240000	0.240017	0.000000
0.240000	0.240022	0.000000
0.240000	0.240019	0.000000
0.250000	0.521947	0.214516
0.250000	0.921179	0.000000
0.250000	0.833787	0.000000
0.250000	0.757349	0.000000
0.250000	0.690512	0.000000
0.250000	0.632188	0.000000
0.250000	0.581513	0.000000
0.250000	0.537716	0.000000
0.250000	0.467536	0.000000
0.250000	0.500000	0.000000
0.250000	0.439540	0.000000
0.250000	0.415331	0.000000
0.250000	0.394338	0.000000
0.250000	0.376094	0.000000
0.250000	0.360209	0.000000
0.250000	0.346359	0.000000
0.250000	0.334272	0.000000
0.250000	0.323714	0.000000
0.250000	0.314488	0.000000
0.250000	0.306421	0.000000
0.250000	0.299366	0.000000
0.250000	0.293196	0.000000
0.250000	0.287797	0.000000
0.250000	0.283073	0.000000
0.250000	0.278940	0.000000
0.250000	0.275323	0.000000
0.250000	0.272158	0.000000
0.250000	0.269389	0.000000
0.250000	0.266965	0.000000
0.250000	0.264844	0.000000
0.250000	0.262988	0.000000
0.250000	0.261364	0.000000
0.250000	0.259943	0.000000
0.250000	0.258699	0.000000
0.250000	0.257611	0.000000
0.250000	0.256658	0.000000
0.250000	0.255825	0.000000
0.250000	0.255096	0.000000
0.250000	0.254458	0.000000
0.250000	0.253900	0.000000
0.250000	0.253412	0.000000
0.250000	0.252984	0.000000
0.250000	0.252610	0.000000
0.250000	0.252283	0.000000
0.250000	0.251997	0.000000
0.250000	0.251747	0.000000
0.250000	0.251528	0.000000
0.250000	0.251336	0.000000
0.250000	0.251169	0.000000
0.250000	0.251022	0.000000
0.250000	0.250894	0.000000
0.250000	0.250782	0.000000
0.250000	0.250683	0.000000
0.250000	0.250598	0.000000
0.250000	0.250522	0.000000
0.250000	0.250457	0.000000
0.250000	0.250399	0.000000
0.250000	0.250349	0.000000
0.250000	0.250305	0.000000
0.250000	0.250267	0.000000
0.250000	0.250233	0.000000
0.250000	0.250204	0.000000
0.250000	0.250178	0.000000
0.250000	0.250156	0.000000
0.250000	0.250136	0.000000
0.250000	0.250119	0.000000
0.250000	0.250104	0.000000
0.250000	0.250091	0.000000
0.250000	0.250079	0.000000
0.250000	0.250069	0.000000
0.250000	0.250060	0.000000
0.250000	0.250053	0.000000
0.250000	0.250046	0.000000
0.250000	0.250040	0.000000
0.250000	0.250035	0.000000
0.250000	0.250030	0.000000
0.250000	0.250013	0.000000
0.250000	0.250015	0.000000
0.250000	0.250027	0.000000
0.250000	0.250017	0.000000
0.250000	0.250023	0.000000
0.250000	0.250020	0.000000
0.260000	0.549123	0.208883
0.260000	0.959791	0.000000
0.260000	0.868710	0.000000
0.260000	0.788987	0.000000
0.260000	0.719196	0.000000
0.260000	0.658215	0.000000
0.260000	0.605188	0.000000
0.260000	0.559383	0.000000
0.260000	0.486161	0.000000
0.260000	0.520000	0.000000
0.260000	0.457019	0.000000
0.260000	0.431840	0.000000
0.260000	0.410017	0.000000
0.260000	0.391055	0.000000
0.260000	0.374548	0.000000
0.260000	0.360156	0.000000
0.260000	0.347595	0.000000
0.260000	0.336623	0.000000
0.260000	0.327034	0.000000
0.260000	0.318651	0.000000
0.260000	0.311319	0.000000
0.260000	0.304905	0.000000
0.260000	0.299293	0.000000
0.260000	0.294383	0.000000
0.260000	0.290087	0.000000
0.260000	0.286327	0.000000
0.260000	0.283037	0.000000
0.260000	0.280158	0.000000
0.260000	0.277638	0.000000
0.260000	0.275433	0.000000
0.260000	0.273504	0.000000
0.260000	0.271815	0.000000
0.260000	0.270338	0.000000
0.260000	0.269045	0.000000
0.260000	0.267913	0.000000
0.260000	0.266923	0.000000
0.260000	0.266057	0.000000
0.260000	0.265299	0.000000
0.260000	0.264635	0.000000
0.260000	0.264055	0.000000
0.260000	0.263547	0.000000
0.260000	0.263103	0.000000
0.260000	0.262714	0.000000
0.260000	0.262374	0.000000
0.260000	0.262077	0.000000
0.260000	0.261816	0.000000
0.260000	0.261589	0.000000
0.260000	0.261390	0.000000
0.260000	0.261215	0.000000
0.260000	0.261063	0.000000
0.260000	0.260929	0.000000
0.260000	0.260813	0.000000
0.260000	0.260711	0.000000
0.260000	0.260621	0.000000
0.260000	0.260543	0.000000
0.260000	0.260475	0.000000
0.260000	0.260415	0.000000
0.260000	0.260363	0.000000
0.260000	0.260317	0.000000
0.260000	0.260277	0.000000
0.260000	0.260242	0.000000
0.260000	0.260212	0.000000
0.260000	0.260185	0.000000
0.260000	0.260162	0.000000
0.260000	0.260141	0.000000
0.260000	0.260123	0.000000
0.260000	0.260108	0.000000
0.260000	0.260094	0.000000
0.260000	0.260082	0.000000
0.260000	0.260072	0.000000
0.260000	0.260063	0.000000
0.260000	0.260055	0.000000
0.260000	0.260048	0.000000
0.260000	0.260042	0.000000
0.260000	0.260036	0.000000
0.260000	0.260032	0.000000
0.260000	0.260014	0.000000
0.260000	0.260016	0.000000
0.260000	0.260028	0.000000
0.260000	0.260018	0.000000
0.260000	0.260024	0.000000
0.260000	0.260021	0.000000
0.270000	0.575190	0.202420
0.270000	0.998512	0.000000
0.270000	0.903761	0.000000
0.270000	0.820767	0.000000
0.270000	0.748027	0.000000
0.270000	0.684365	0.000000
0.270000	0.628941	0.000000
0.270000	0.581079	0.000000
0.270000	0.504774	0.000000
0.270000	0.540000	0.000000
0.270000	0.474484	0.000000
0.270000	0.448336	0.000000
0.270000	0.425684	0.000000
0.270000	0.406008	0.000000
0.270000	0.388879	0.000000
0.270000	0.373946	0.000000
0.270000	0.360913	0.000000
0.270000	0.349528	0.000000
0.270000	0.339578	0.000000
0.270000	0.330878	0.000000
0.270000	0.323269	0.000000
0.270000	0.316612	0.000000
0.270000	0.310788	0.000000
0.270000	0.305692	0.000000
0.270000	0.301233	0.000000
0.270000	0.297330	0.000000
0.270000	0.293915	0.000000
0.270000	0.290926	0.000000
0.270000	0.288311	0.000000
0.270000	0.286022	0.000000
0.270000	0.284019	0.000000
0.270000	0.282266	0.000000
0.270000	0.280732	0.000000
0.270000	0.279390	0.000000
0.270000	0.278215	0.000000
0.270000	0.277188	0.000000
0.270000	0.276288	0.000000
0.270000	0.275501	0.000000
0.270000	0.274813	0.000000
0.270000	0.274210	0.000000
0.270000	0.273683	0.000000
0.270000	0.273222	0.000000
0.270000	0.272818	0.000000
0.270000	0.272465	0.000000
0.270000	0.272156	0.000000
0.270000	0.271886	0.000000
0.270000	0.271650	0.000000
0.270000	0.271443	0.000000
0.270000	0.271262	0.000000
0.270000	0.271104	0.000000
0.270000	0.270965	0.000000
0.270000	0.270844	0.000000
0.270000	0.270738	0.000000
0.270000	0.270645	0.000000
0.270000	0.270564	0.000000
0.270000	0.270493	0.000000
0.270000	0.270431	0.000000
0.270000	0.270377	0.000000
0.270000	0.270330	0.000000
0.270000	0.270288	0.000000
0.270000	0.270252	0.000000
0.270000	0.270220	0.000000
0.270000	0.270192	0.000000
0.270000	0.270168	0.000000
0.270000	0.270147	0.000000
0.270000	0.270128	0.000000
0.270000	0.270112	0.000000
0.270000	0.270098	0.000000
0.270000	0.270085	0.000000
0.270000	0.270075	0.000000
0.270000	0.270065	0.000000
0.270000	0.270057	0.000000
0.270000	0.270050	0.000000
0.270000	0.270043	0.000000
0.270000	0.270038	0.000000
0.270000	0.270033	0.000000
0.270000	0.270014	0.000000
0.270000	0.270016	0.000000
0.270000	0.270029	0.000000
0.270000	0.270019	0.000000
0.270000	0.270025	0.000000
0.270000	0.270022	0.000000
0.280000	0.600219	0.195320
0.280000	0.938930	0.000000
0.280000	0.852687	0.000000
0.280000	0.777008	0.000000
0.280000	0.710652	0.000000
0.280000	0.652783	0.000000
0.280000	0.602810	0.000000
0.280000	0.523374	0.000000
0.280000	0.560000	0.000000
0.280000	0.491933	0.000000
0.280000	0.464817	0.000000
0.280000	0.441340	0.000000
0.280000	0.420950	0.000000
0.280000	0.403202	0.000000
0.280000	0.387730	0.000000
0.280000	0.374225	0.000000
0.280000	0.362428	0.000000
0.280000	0.352118	0.000000
0.280000	0.343102	0.000000
0.280000	0.335216	0.000000
0.280000	0.328317	0.000000
0.280000	0.322281	0.000000
0.280000	0.316999	0.000000
0.280000	0.312377	0.000000
0.280000	0.308332	0.000000
0.280000	0.304792	0.000000
0.280000	0.301694	0.000000
0.280000	0.298983	0.000000
0.280000	0.296610	0.000000
0.280000	0.294534	0.000000
0.280000	0.292717	0.000000
0.280000	0.291127	0.000000
0.280000	0.289735	0.000000
0.280000	0.288517	0.000000
0.280000	0.287452	0.000000
0.280000	0.286520	0.000000
0.280000	0.285704	0.000000
0.280000	0.284990	0.000000
0.280000	0.284365	0.000000
0.280000	0.283819	0.000000
0.280000	0.283340	0.000000
0.280000	0.282922	0.000000
0.280000	0.282556	0.000000
0.280000	0.282236	0.000000
0.280000	0.281956	0.000000
0.280000	0.281710	0.000000
0.280000	0.281496	0.000000
0.280000	0.281308	0.000000
0.280000	0.281144	0.000000
0.280000	0.281001	0.000000
0.280000	0.280875	0.000000
0.280000	0.280765	0.000000
0.280000	0.280669	0.000000
0.280000	0.280585	0.000000
0.280000	0.280511	0.000000
0.280000	0.280447	0.000000
0.280000	0.280391	0.000000
0.280000	0.280342	0.000000
0.280000	0.280299	0.000000
0.280000	0.280261	0.000000
0.280000	0.280228	0.000000
0.280000	0.280199	0.000000
0.280000	0.280174	0.000000
0.280000	0.280152	0.000000
0.280000	0.280133	0.000000
0.280000	0.280116	0.000000
0.280000	0.280101	0.000000
0.280000	0.280089	0.000000
0.280000	0.280077	0.000000
0.280000	0.280067	0.000000
0.280000	0.280059	0.000000
0.280000	0.280051	0.000000
0.280000	0.280045	0.000000
0.280000	0.280039	0.000000
0.280000	0.280034	0.000000
0.280000	0.280015	0.000000
0.280000	0.280017	0.000000
0.280000	0.280030	0.000000
0.280000	0.280020	0.000000
0.280000	0.280026	0.000000
0.280000	0.280022	0.000000
0.290000	0.624291	0.187729
0.290000	0.974205	0.000000
0.290000	0.884738	0.000000
0.290000	0.806142	0.000000
0.290000	0.737087	0.000000
0.290000	0.676727	0.000000
0.290000	0.624581	0.000000
0.290000	0.541959	0.000000
0.290000	0.580000	0.000000
0.290000	0.509364	0.000000
0.290000	0.481284	0.000000
0.290000	0.456983	0.000000
0.290000	0.435882	0.000000
0.290000	0.417518	0.000000
0.290000	0.401507	0.000000
0.290000	0.387532	0.000000
0.290000	0.375325	0.000000
0.290000	0.364654	0.000000
0.290000	0.355323	0.000000
0.290000	0.347161	0.000000
0.290000	0.340021	0.000000
0.290000	0.333773	0.000000
0.290000	0.328305	0.000000
0.290000	0.323521	0.000000
0.290000	0.319333	0.000000
0.290000	0.315669	0.000000
0.290000	0.312461	0.000000
0.290000	0.309655	0.000000
0.290000	0.307198	0.000000
0.290000	0.305048	0.000000
0.290000	0.303167	0.000000
0.290000	0.301521	0.000000
0.290000	0.300080	0.000000
0.290000	0.298819	0.000000
0.290000	0.297716	0.000000
0.290000	0.296751	0.000000
0.290000	0.295906	0.000000
0.290000	0.295167	0.000000
0.290000	0.294520	0.000000
0.290000	0.293954	0.000000
0.290000	0.293459	0.000000
0.290000	0.293026	0.000000
0.290000	0.292647	0.000000
0.290000	0.292315	0.000000
0.290000	0.292025	0.000000
0.290000	0.291771	0.000000
0.290000	0.291549	0.000000
0.290000	0.291355	0.000000
0.290000	0.291185	0.000000
0.290000	0.291036	0.000000
0.290000	0.290906	0.000000
0.290000	0.290792	0.000000
0.290000	0.290693	0.000000
0.290000	0.290606	0.000000
0.290000	0.290530	0.000000
0.290000	0.290463	0.000000
0.290000	0.290405	0.000000
0.290000	0.290354	0.000000
0.290000	0.290309	0.000000
0.290000	0.290270	0.000000
0.290000	0.290236	0.000000
0.290000	0.290206	0.000000
0.290000	0.290180	0.000000
0.290000	0.290158	0.000000
0.290000	0.290138	0.000000
0.290000	0.290120	0.000000
0.290000	0.290105	0.000000
0.290000	0.290092	0.000000
0.290000	0.290080	0.000000
0.290000	0.290070	0.000000
0.290000	0.290061	0.000000
0.290000	0.290053	0.000000
0.290000	0.290046	0.000000
0.290000	0.290040	0.000000
0.290000	0.290035	0.000000
0.290000	0.290015	0.000000
0.290000	0.290018	0.000000
0.290000	0.290031	0.000000
0.290000	0.290020	0.000000
0.290000	0.290027	0.000000
0.290000	0.290023	0.000000
0.300000	0.647482	0.179758
0.300000	0.916911	0.000000
0.300000	0.835428	0.000000
0.300000	0.763683	0.000000
0.300000	0.700791	0.000000
0.300000	0.646400	0.000000
0.300000	0.560528	0.000000
0.300000	0.600000	0.000000
0.300000	0.526778	0.000000
0.300000	0.497734	0.000000
0.300000	0.472613	0.000000
0.300000	0.450804	0.000000
0.300000	0.431825	0.000000
0.300000	0.415278	0.000000
0.300000	0.400834	0.000000
0.300000	0.388216	0.000000
0.300000	0.377187	0.000000
0.300000	0.367541	0.000000
0.300000	0.359104	0.000000
0.300000	0.351722	0.000000
0.300000	0.345262	0.000000
0.300000	0.339610	0.000000
0.300000	0.334663	0.000000
0.300000	0.330333	0.000000
0.300000	0.326544	0.000000
0.300000	0.323228	0.000000
0.300000	0.320325	0.000000
0.300000	0.317785	0.000000
0.300000	0.315562	0.000000
0.300000	0.313617	0.000000
0.300000	0.311915	0.000000
0.300000	0.310425	0.000000
0.300000	0.309121	0.000000
0.300000	0.307980	0.000000
0.300000	0.306982	0.000000
0.300000	0.306108	0.000000
0.300000	0.305344	0.000000
0.300000	0.304675	0.000000
0.300000	0.304090	0.000000
0.300000	0.303578	0.000000
0.300000	0.303130	0.000000
0.300000	0.302738	0.000000
0.300000	0.302395	0.000000
0.300000	0.302094	0.000000
0.300000	0.301832	0.000000
0.300000	0.301602	0.000000
0.300000	0.301401	0.000000
0.300000	0.301226	0.000000
0.300000	0.301072	0.000000
0.300000	0.300937	0.000000
0.300000	0.300820	0.000000
0.300000	0.300717	0.000000
0.300000	0.300627	0.000000
0.300000	0.300548	0.000000
0.300000	0.300479	0.000000
0.300000	0.300419	0.000000
0.300000	0.300366	0.000000
0.300000	0.300320	0.000000
0.300000	0.300280	0.000000
0.300000	0.300244	0.000000
0.300000	0.300214	0.000000
0.300000	0.300187	0.000000
0.300000	0.300163	0.000000
0.300000	0.300142	0.000000
0.300000	0.300124	0.000000
0.300000	0.300109	0.000000
0.300000	0.300095	0.000000
0.300000	0.300083	0.000000
0.300000	0.300072	0.000000
0.300000	0.300063	0.000000
0.300000	0.300055	0.000000
0.300000	0.300048	0.000000
0.300000	0.300042	0.000000
0.300000	0.300036	0.000000
0.300000	0.300016	0.000000
0.300000	0.300018	0.000000
0.300000	0.300032	0.000000
0.300000	0.300021	0.000000
0.300000	0.300028	0.000000
0.300000	0.300024	0.000000
0.310000	0.669867	0.171491
0.310000	0.949195	0.000000
0.310000	0.864861	0.000000
0.310000	0.790451	0.000000
0.310000	0.724993	0.000000
0.310000	0.668275	0.000000
0.310000	0.579078	0.000000
0.310000	0.620000	0.000000
0.310000	0.544171	0.000000
0.310000	0.514168	0.000000
0.310000	0.488229	0.000000
0.310000	0.465716	0.000000
0.310000	0.446123	0.000000
0.310000	0.429041	0.000000
0.310000	0.414130	0.000000
0.310000	0.401103	0.000000
0.310000	0.389715	0.000000
0.310000	0.379756	0.000000
0.310000	0.371044	0.000000
0.310000	0.363421	0.000000
0.310000	0.356750	0.000000
0.310000	0.350913	0.000000
0.310000	0.345804	0.000000
0.310000	0.341332	0.000000
0.310000	0.337419	0.000000
0.310000	0.333993	0.000000
0.310000	0.330996	0.000000
0.310000	0.328372	0.000000
0.310000	0.326076	0.000000
0.310000	0.324067	0.000000
0.310000	0.322308	0.000000
0.310000	0.320769	0.000000
0.310000	0.319422	0.000000
0.310000	0.318244	0.000000
0.310000	0.317213	0.000000
0.310000	0.316310	0.000000
0.310000	0.315520	0.000000
0.310000	0.314830	0.000000
0.310000	0.314225	0.000000
0.310000	0.313696	0.000000
0.310000	0.313233	0.000000
0.310000	0.312828	0.000000
0.310000	0.312474	0.000000
0.310000	0.312164	0.000000
0.310000	0.311893	0.000000
0.310000	0.311655	0.000000
0.310000	0.311448	0.000000
0.310000	0.311266	0.000000
0.310000	0.311107	0.000000
0.310000	0.310968	0.000000
0.310000	0.310847	0.000000
0.310000	0.310740	0.000000
0.310000	0.310647	0.000000
0.310000	0.310566	0.000000
0.310000	0.310495	0.000000
0.310000	0.310433	0.000000
0.310000	0.310378	0.000000
0.310000	0.310331	0.000000
0.310000	0.310289	0.000000
0.310000	0.310252	0.000000
0.310000	0.310221	0.000000
0.310000	0.310193	0.000000
0.310000	0.310168	0.000000
0.310000	0.310147	0.000000
0.310000	0.310129	0.000000
0.310000	0.310112	0.000000
0.310000	0.310098	0.000000
0.310000	0.310086	0.000000
0.310000	0.310075	0.000000
0.310000	0.310065	0.000000
0.310000	0.310057	0.000000
0.310000	0.310050	0.000000
0.310000	0.310043	0.000000
0.310000	0.310038	0.000000
0.310000	0.310016	0.000000
0.310000	0.310019	0.000000
0.310000	0.310033	0.000000
0.310000	0.310022	0.000000
0.310000	0.310029	0.000000
0.310000	0.310025	0.000000
0.320000	0.691509	0.162990
0.320000	0.981577	0.000000
0.320000	0.894434	0.000000
0.320000	0.817397	0.000000
0.320000	0.749355	0.000000
0.320000	0.690220	0.000000
0.320000	0.597607	0.000000
0.320000	0.640000	0.000000
0.320000	0.561543	0.000000
0.320000	0.530583	0.000000
0.320000	0.503831	0.000000
0.320000	0.480616	0.000000
0.320000	0.460412	0.000000
0.320000	0.442798	0.000000
0.320000	0.427421	0.000000
0.320000	0.413986	0.000000
0.320000	0.402241	0.000000
0.320000	0.391968	0.000000
0.320000	0.382981	0.000000
0.320000	0.375118	0.000000
0.320000	0.368237	0.000000
0.320000	0.362214	0.000000
0.320000	0.356943	0.000000
0.320000	0.352330	0.000000
0.320000	0.348292	0.000000
0.320000	0.344758	0.000000
0.320000	0.341665	0.000000
0.320000	0.338958	0.000000
0.320000	0.336589	0.000000
0.320000	0.334516	0.000000
0.320000	0.332701	0.000000
0.320000	0.331113	0.000000
0.320000	0.329723	0.000000
0.320000	0.328507	0.000000
0.320000	0.327443	0.000000
0.320000	0.326512	0.000000
0.320000	0.325697	0.000000
0.320000	0.324984	0.000000
0.320000	0.324360	0.000000
0.320000	0.323814	0.000000
0.320000	0.323337	0.000000
0.320000	0.322919	0.000000
0.320000	0.322553	0.000000
0.320000	0.322233	0.000000
0.320000	0.321953	0.000000
0.320000	0.321708	0.000000
0.320000	0.321494	0.000000
0.320000	0.321307	0.000000
0.320000	0.321143	0.000000
0.320000	0.320999	0.000000
0.320000	0.320874	0.000000
0.320000	0.320764	0.000000
0.320000	0.320668	0.000000
0.320000	0.320584	0.000000
0.320000	0.320511	0.000000
0.320000	0.320447	0.000000
0.320000	0.320390	0.000000
0.320000	0.320341	0.000000
0.320000	0.320298	0.000000
0.320000	0.320261	0.000000
0.320000	0.320228	0.000000
0.320000	0.320199	0.000000
0.320000	0.320174	0.000000
0.320000	0.320152	0.000000
0.320000	0.320133	0.000000
0.320000	0.320116	0.000000
0.320000	0.320101	0.000000
0.320000	0.320088	0.000000
0.320000	0.320077	0.000000
0.320000	0.320067	0.000000
0.320000	0.320059	0.000000
0.320000	0.320051	0.000000
0.320000	0.320045	0.000000
0.320000	0.320039	0.000000
0.320000	0.320017	0.000000
0.320000	0.320019	0.000000
0.320000	0.320034	0.000000
0.320000	0.320022	0.000000
0.320000	0.320030	0.000000
0.320000	0.320026	0.000000
0.330000	0.712468	0.154308
0.330000	0.924134	0.000000
0.330000	0.844525	0.000000
0.330000	0.773901	0.000000
0.330000	0.712249	0.000000
0.330000	0.616113	0.000000
0.330000	0.660000	0.000000
0.330000	0.578891	0.000000
0.330000	0.546979	0.000000
0.330000	0.519419	0.000000
0.330000	0.495504	0.000000
0.330000	0.474693	0.000000
0.330000	0.456548	0.000000
0.330000	0.440706	0.000000
0.330000	0.426864	0.000000
0.330000	0.414762	0.000000
0.330000	0.404177	0.000000
0.330000	0.394916	0.000000
0.330000	0.386813	0.000000
0.330000	0.379721	0.000000
0.330000	0.373514	0.000000
0.330000	0.368082	0.000000
0.330000	0.363327	0.000000
0.330000	0.359165	0.000000
0.330000	0.355523	0.000000
0.330000	0.352334	0.000000
0.330000	0.349544	0.000000
0.330000	0.347102	0.000000
0.330000	0.344965	0.000000
0.330000	0.343094	0.000000
0.330000	0.341457	0.000000
0.330000	0.340024	0.000000
0.330000	0.338771	0.000000
0.330000	0.337674	0.000000
0.330000	0.336714	0.000000
0.330000	0.335874	0.000000
0.330000	0.335139	0.000000
0.330000	0.334495	0.000000
0.330000	0.333933	0.000000
0.330000	0.333440	0.000000
0.330000	0.333009	0.000000
0.330000	0.332632	0.000000
0.330000	0.332303	0.000000
0.330000	0.332014	0.000000
0.330000	0.331762	0.000000
0.330000	0.331541	0.000000
0.330000	0.331347	0.000000
0.330000	0.331178	0.000000
0.330000	0.331031	0.000000
0.330000	0.330901	0.000000
0.330000	0.330788	0.000000
0.330000	0.330689	0.000000
0.330000	0.330602	0.000000
0.330000	0.330527	0.000000
0.330000	0.330460	0.000000
0.330000	0.330402	0.000000
0.330000	0.330352	0.000000
0.330000	0.330307	0.000000
0.330000	0.330269	0.000000
0.330000	0.330235	0.000000
0.330000	0.330205	0.000000
0.330000	0.330179	0.000000
0.330000	0.330157	0.000000
0.330000	0.330137	0.000000
0.330000	0.330119	0.000000
0.330000	0.330104	0.000000
0.330000	0.330091	0.000000
0.330000	0.330080	0.000000
0.330000	0.330069	0.000000
0.330000	0.330061	0.000000
0.330000	0.330053	0.000000
0.330000	0.330046	0.000000
0.330000	0.330040	0.000000
0.330000	0.330017	0.000000
0.330000	0.330020	0.000000
0.330000	0.330035	0.000000
0.330000	0.330023	0.000000
0.330000	0.330030	0.000000
0.330000	0.330027	0.000000
0.340000	0.732798	0.145482
0.340000	0.953947	0.000000
0.340000	0.871832	0.000000
0.340000	0.798657	0.000000
0.340000	0.734382	0.000000
0.340000	0.634590	0.000000
0.340000	0.680000	0.000000
0.340000	0.596212	0.000000
0.340000	0.563355	0.000000
0.340000	0.534990	0.000000
0.340000	0.510381	0.000000
0.340000	0.488965	0.000000
0.340000	0.470290	0.000000
0.340000	0.453985	0.000000
0.340000	0.439737	0.000000
0.340000	0.427280	0.000000
0.340000	0.416383	0.000000
0.340000	0.406849	0.000000
0.340000	0.398506	0.000000
0.340000	0.391204	0.000000
0.340000	0.384813	0.000000
0.340000	0.379219	0.000000
0.340000	0.374323	0.000000
0.340000	0.370037	0.000000
0.340000	0.366286	0.000000
0.340000	0.363003	0.000000
0.340000	0.360129	0.000000
0.340000	0.357614	0.000000
0.340000	0.355413	0.000000
0.340000	0.353486	0.000000
0.340000	0.351801	0.000000
0.340000	0.350325	0.000000
0.340000	0.349034	0.000000
0.340000	0.347904	0.000000
0.340000	0.346915	0.000000
0.340000	0.346050	0.000000
0.340000	0.345293	0.000000
0.340000	0.344630	0.000000
0.340000	0.344051	0.000000
0.340000	0.343544	0.000000
0.340000	0.343100	0.000000
0.340000	0.342712	0.000000
0.340000	0.342372	0.000000
0.340000	0.342075	0.000000
0.340000	0.341815	0.000000
0.340000	0.341587	0.000000
0.340000	0.341388	0.000000
0.340000	0.341214	0.000000
0.340000	0.341062	0.000000
0.340000	0.340928	0.000000
0.340000	0.340812	0.000000
0.340000	0.340710	0.000000
0.340000	0.340621	0.000000
0.340000	0.340543	0.000000
0.340000	0.340474	0.000000
0.340000	0.340415	0.000000
0.340000	0.340362	0.000000
0.340000	0.340317	0.000000
0.340000	0.340277	0.000000
0.340000	0.340242	0.000000
0.340000	0.340211	0.000000
0.340000	0.340185	0.000000
0.340000	0.340161	0.000000
0.340000	0.340141	0.000000
0.340000	0.340123	0.000000
0.340000	0.340107	0.000000
0.340000	0.340094	0.000000
0.340000	0.340082	0.000000
0.340000	0.340071	0.000000
0.340000	0.340062	0.000000
0.340000	0.340054	0.000000
0.340000	0.340047	0.000000
0.340000	0.340041	0.000000
0.340000	0.340018	0.000000
0.340000	0.340021	0.000000
0.340000	0.340036	0.000000
0.340000	0.340024	0.000000
0.340000	0.340031	0.000000
0.340000	0.340027	0.000000
0.350000	0.752544	0.136546
0.350000	0.983856	0.000000
0.350000	0.899309	0.000000
0.350000	0.823648	0.000000
0.350000	0.756647	0.000000
0.350000	0.653037	0.000000
0.350000	0.700000	0.000000
0.350000	0.613505	0.000000
0.350000	0.579709	0.000000
0.350000	0.550546	0.000000
0.350000	0.525246	0.000000
0.350000	0.503227	0.000000
0.350000	0.484025	0.000000
0.350000	0.467259	0.000000
0.350000	0.452606	0.000000
0.350000	0.439794	0.000000
0.350000	0.428586	0.000000
0.350000	0.418779	0.000000
0.350000	0.410196	0.000000
0.350000	0.402685	0.000000
0.350000	0.396110	0.000000
0.350000	0.390355	0.000000
0.350000	0.385317	0.000000
0.350000	0.380908	0.000000
0.350000	0.377049	0.000000
0.350000	0.373670	0.000000
0.350000	0.370714	0.000000
0.350000	0.368126	0.000000
0.350000	0.365861	0.000000
0.350000	0.363879	0.000000
0.350000	0.362144	0.000000
0.350000	0.360625	0.000000
0.350000	0.359297	0.000000
0.350000	0.358134	0.000000
0.350000	0.357117	0.000000
0.350000	0.356226	0.000000
0.350000	0.355447	0.000000
0.350000	0.354765	0.000000
0.350000	0.354169	0.000000
0.350000	0.353647	0.000000
0.350000	0.353190	0.000000
0.350000	0.352791	0.000000
0.350000	0.352441	0.000000
0.350000	0.352135	0.000000
0.350000	0.351868	0.000000
0.350000	0.351633	0.000000
0.350000	0.351429	0.000000
0.350000	0.351249	0.000000
0.350000	0.351093	0.000000
0.350000	0.350955	0.000000
0.350000	0.350835	0.000000
0.350000	0.350731	0.000000
0.350000	0.350639	0.000000
0.350000	0.350558	0.000000
0.350000	0.350488	0.000000
0.350000	0.350427	0.000000
0.350000	0.350373	0.000000
0.350000	0.350326	0.000000
0.350000	0.350285	0.000000
0.350000	0.350249	0.000000
0.350000	0.350218	0.000000
0.350000	0.350190	0.000000
0.350000	0.350166	0.000000
0.350000	0.350145	0.000000
0.350000	0.350127	0.000000
0.350000	0.350111	0.000000
0.350000	0.350097	0.000000
0.350000	0.350084	0.000000
0.350000	0.350074	0.000000
0.350000	0.350064	0.000000
0.350000	0.350056	0.000000
0.350000	0.350049	0.000000
0.350000	0.350043	0.000000
0.350000	0.350018	0.000000
0.350000	0.350021	0.000000
0.350000	0.350037	0.000000
0.350000	0.350024	0.000000
0.350000	0.350032	0.000000
0.350000	0.350028	0.000000
0.360000	0.771749	0.127524
0.360000	0.926940	0.000000
0.360000	0.848894	0.000000
0.360000	0.779078	0.000000
0.360000	0.671448	0.000000
0.360000	0.720000	0.000000
0.360000	0.630767	0.000000
0.360000	0.596041	0.000000
0.360000	0.566085	0.000000
0.360000	0.540098	0.000000
0.360000	0.517480	0.000000
0.360000	0.497753	0.000000
0.360000	0.480526	0.000000
0.360000	0.465470	0.000000
0.360000	0.452304	0.000000
0.360000	0.440785	0.000000
0.360000	0.430706	0.000000
0.360000	0.421885	0.000000
0.360000	0.414164	0.000000
0.360000	0.407405	0.000000
0.360000	0.401489	0.000000
0.360000	0.396311	0.000000
0.360000	0.391778	0.000000
0.360000	0.387810	0.000000
0.360000	0.384338	0.000000
0.360000	0.381298	0.000000
0.360000	0.378637	0.000000
0.360000	0.376308	0.000000
0.360000	0.374270	0.000000
0.360000	0.372487	0.000000
0.360000	0.370926	0.000000
0.360000	0.369560	0.000000
0.360000	0.368364	0.000000
0.360000	0.367318	0.000000
0.360000	0.366402	0.000000
0.360000	0.365601	0.000000
0.360000	0.364900	0.000000
0.360000	0.364287	0.000000
0.360000	0.363750	0.000000
0.360000	0.363281	0.000000
0.360000	0.362870	0.000000
0.360000	0.362510	0.000000
0.360000	0.362196	0.000000
0.360000	0.361921	0.000000
0.360000	0.361680	0.000000
0.360000	0.361469	0.000000
0.360000	0.361285	0.000000
0.360000	0.361124	0.000000
0.360000	0.360983	0.000000
0.360000	0.360859	0.000000
0.360000	0.360751	0.000000
0.360000	0.360657	0.000000
0.360000	0.360574	0.000000
0.360000	0.360502	0.000000
0.360000	0.360439	0.000000
0.360000	0.360384	0.000000
0.360000	0.360335	0.000000
0.360000	0.360293	0.000000
0.360000	0.360256	0.000000
0.360000	0.360224	0.000000
0.360000	0.360196	0.000000
0.360000	0.360171	0.000000
0.360000	0.360149	0.000000
0.360000	0.360130	0.000000
0.360000	0.360114	0.000000
0.360000	0.360099	0.000000
0.360000	0.360087	0.000000
0.360000	0.360076	0.000000
0.360000	0.360066	0.000000
0.360000	0.360058	0.000000
0.360000	0.360050	0.000000
0.360000	0.360044	0.000000
0.360000	0.360019	0.000000
0.360000	0.360022	0.000000
0.360000	0.360038	0.000000
0.360000	0.360025	0.000000
0.360000	0.360033	0.000000
0.360000	0.360029	0.000000
0.370000	0.790451	0.118437
0.370000	0.954702	0.000000
0.370000	0.874407	0.000000
0.370000	0.801725	0.000000
0.370000	0.689816	0.000000
0.370000	0.740000	0.000000
0.370000	0.647995	0.000000
0.370000	0.612348	0.000000
0.370000	0.581607	0.000000
0.370000	0.554938	0.000000
0.370000	0.531723	0.000000
0.370000	0.511473	0.000000
0.370000	0.493788	0.000000
0.370000	0.478329	0.000000
0.370000	0.464810	0.000000
0.370000	0.452981	0.000000
0.370000	0.442630	0.000000
0.370000	0.433571	0.000000
0.370000	0.425641	0.000000
0.370000	0.418699	0.000000
0.370000	0.412623	0.000000
0.370000	0.407304	0.000000
0.370000	0.402647	0.000000
0.370000	0.398572	0.000000
0.370000	0.395004	0.000000
0.370000	0.391881	0.000000
0.370000	0.389148	0.000000
0.370000	0.386756	0.000000
0.370000	0.384662	0.000000
0.370000	0.382829	0.000000
0.370000	0.381226	0.000000
0.370000	0.379822	0.000000
0.370000	0.378594	0.000000
0.370000	0.377519	0.000000
0.370000	0.376578	0.000000
0.370000	0.375755	0.000000
0.370000	0.375035	0.000000
0.370000	0.374405	0.000000
0.370000	0.373853	0.000000
0.370000	0.373371	0.000000
0.370000	0.372949	0.000000
0.370000	0.372579	0.000000
0.370000	0.372256	0.000000
0.370000	0.371973	0.000000
0.370000	0.371726	0.000000
0.370000	0.371510	0.000000
0.370000	0.371320	0.000000
0.370000	0.371155	0.000000
0.370000	0.371010	0.000000
0.370000	0.370883	0.000000
0.370000	0.370772	0.000000
0.370000	0.370675	0.000000
0.370000	0.370590	0.000000
0.370000	0.370516	0.000000
0.370000	0.370451	0.000000
0.370000	0.370394	0.000000
0.370000	0.370345	0.000000
0.370000	0.370301	0.000000
0.370000	0.370263	0.000000
0.370000	0.370230	0.000000
0.370000	0.370201	0.000000
0.370000	0.370176	0.000000
0.370000	0.370153	0.000000
0.370000	0.370134	0.000000
0.370000	0.370117	0.000000
0.370000	0.370102	0.000000
0.370000	0.370089	0.000000
0.370000	0.370078	0.000000
0.370000	0.370068	0.000000
0.370000	0.370059	0.000000
0.370000	0.370052	0.000000
0.370000	0.370045	0.000000
0.370000	0.370019	0.000000
0.370000	0.370022	0.000000
0.370000	0.370039	0.000000
0.370000	0.370026	0.000000
0.370000	0.370034	0.000000
0.370000	0.370030	0.000000
0.380000	0.808683	0.109301
0.380000	0.982570	0.000000
0.380000	0.900184	0.000000
0.380000	0.824651	0.000000
0.380000	0.708136	0.000000
0.380000	0.760000	0.000000
0.380000	0.665186	0.000000
0.380000	0.628629	0.000000
0.380000	0.597111	0.000000
0.380000	0.569765	0.000000
0.380000	0.545956	0.000000
0.380000	0.525186	0.000000
0.380000	0.507044	0.000000
0.380000	0.491184	0.000000
0.380000	0.477312	0.000000
0.380000	0.465174	0.000000
0.380000	0.454552	0.000000
0.380000	0.445255	0.000000
0.380000	0.437116	0.000000
0.380000	0.429992	0.000000
0.380000	0.423755	0.000000
0.380000	0.418295	0.000000
0.380000	0.413516	0.000000
0.380000	0.409332	0.000000
0.380000	0.405670	0.000000
0.380000	0.402464	0.000000
0.380000	0.399658	0.000000
0.380000	0.397202	0.000000
0.380000	0.395053	0.000000
0.380000	0.393172	0.000000
0.380000	0.391525	0.000000
0.380000	0.390084	0.000000
0.380000	0.388823	0.000000
0.380000	0.387720	0.000000
0.380000	0.386754	0.000000
0.380000	0.385909	0.000000
0.380000	0.385170	0.000000
0.380000	0.384523	0.000000
0.380000	0.383957	0.000000
0.380000	0.383461	0.000000
0.380000	0.383028	0.000000
0.380000	0.382649	0.000000
0.380000	0.382317	0.000000
0.380000	0.382026	0.000000
0.380000	0.381772	0.000000
0.380000	0.381550	0.000000
0.380000	0.381356	0.000000
0.380000	0.381186	0.000000
0.380000	0.381037	0.000000
0.380000	0.380907	0.000000
0.380000	0.380793	0.000000
0.380000	0.380693	0.000000
0.380000	0.380606	0.000000
0.380000	0.380530	0.000000
0.380000	0.380463	0.000000
0.380000	0.380405	0.000000
0.380000	0.380354	0.000000
0.380000	0.380309	0.000000
0.380000	0.380270	0.000000
0.380000	0.380236	0.000000
0.380000	0.380206	0.000000
0.380000	0.380180	0.000000
0.380000	0.380157	0.000000
0.380000	0.380138	0.000000
0.380000	0.380120	0.000000
0.380000	0.380105	0.000000
0.380000	0.380092	0.000000
0.380000	0.380080	0.000000
0.380000	0.380070	0.000000
0.380000	0.380061	0.000000
0.380000	0.380053	0.000000
0.380000	0.380046	0.000000
0.380000	0.380020	0.000000
0.380000	0.380023	0.000000
0.380000	0.380040	0.000000
0.380000	0.380027	0.000000
0.380000	0.380035	0.000000
0.380000	0.380031	0.000000
0.390000	0.826473	0.100130
0.390000	0.926204	0.000000
0.390000	0.847941	0.000000
0.390000	0.726399	0.000000
0.390000	0.780000	0.000000
0.390000	0.682335	0.000000
0.390000	0.644883	0.000000
0.390000	0.612597	0.000000
0.390000	0.584578	0.000000
0.390000	0.560180	0.000000
0.390000	0.538891	0.000000
0.390000	0.520293	0.000000
0.390000	0.504033	0.000000
0.390000	0.489810	0.000000
0.390000	0.477364	0.000000
0.390000	0.466471	0.000000
0.390000	0.456936	0.000000
0.390000	0.448590	0.000000
0.390000	0.441282	0.000000
0.390000	0.434885	0.000000
0.390000	0.429285	0.000000
0.390000	0.424383	0.000000
0.390000	0.420091	0.000000
0.390000	0.416335	0.000000
0.390000	0.413046	0.000000
0.390000	0.410168	0.000000
0.390000	0.407649	0.000000
0.390000	0.405444	0.000000
0.390000	0.403514	0.000000
0.390000	0.401825	0.000000
0.390000	0.400346	0.000000
0.390000	0.399053	0.000000
0.390000	0.397921	0.000000
0.390000	0.396930	0.000000
0.390000	0.396063	0.000000
0.390000	0.395304	0.000000
0.390000	0.394641	0.000000
0.390000	0.394060	0.000000
0.390000	0.393551	0.000000
0.390000	0.393107	0.000000
0.390000	0.392718	0.000000
0.390000	0.392377	0.000000
0.390000	0.392079	0.000000
0.390000	0.391819	0.000000
0.390000	0.391591	0.000000
0.390000	0.391391	0.000000
0.390000	0.391217	0.000000
0.390000	0.391064	0.000000
0.390000	0.390930	0.000000
0.390000	0.390814	0.000000
0.390000	0.390711	0.000000
0.390000	0.390622	0.000000
0.390000	0.390544	0.000000
0.390000	0.390475	0.000000
0.390000	0.390415	0.000000
0.390000	0.390363	0.000000
0.390000	0.390317	0.000000
0.390000	0.390277	0.000000
0.390000	0.390242	0.000000
0.390000	0.390212	0.000000
0.390000	0.390185	0.000000
0.390000	0.390162	0.000000
0.390000	0.390141	0.000000
0.390000	0.390123	0.000000
0.390000	0.390108	0.000000
0.390000	0.390094	0.000000
0.390000	0.390082	0.000000
0.390000	0.390072	0.000000
0.390000	0.390062	0.000000
0.390000	0.390054	0.000000
0.390000	0.390047	0.000000
0.390000	0.390021	0.000000
0.390000	0.390024	0.000000
0.390000	0.390041	0.000000
0.390000	0.390027	0.000000
0.390000	0.390036	0.000000
0.390000	0.390031	0.000000
0.400000	0.843844	0.090939
0.400000	0.952425	0.000000
0.400000	0.871702	0.000000
0.400000	0.744595	0.000000
0.400000	0.800000	0.000000
0.400000	0.699440	0.000000
0.400000	0.661109	0.000000
0.400000	0.628063	0.000000
0.400000	0.599378	0.000000
0.400000	0.574393	0.000000
0.400000	0.552589	0.000000
0.400000	0.533537	0.000000
0.400000	0.516878	0.000000
0.400000	0.502305	0.000000
0.400000	0.489551	0.000000
0.400000	0.478388	0.000000
0.400000	0.468616	0.000000
0.400000	0.460061	0.000000
0.400000	0.452572	0.000000
0.400000	0.446015	0.000000
0.400000	0.440274	0.000000
0.400000	0.435249	0.000000
0.400000	0.430850	0.000000
0.400000	0.426999	0.000000
0.400000	0.423628	0.000000
0.400000	0.420677	0.000000
0.400000	0.418094	0.000000
0.400000	0.415834	0.000000
0.400000	0.413855	0.000000
0.400000	0.412124	0.000000
0.400000	0.410608	0.000000
0.400000	0.409282	0.000000
0.400000	0.408121	0.000000
0.400000	0.407106	0.000000
0.400000	0.406217	0.000000
0.400000	0.405439	0.000000
0.400000	0.404758	0.000000
0.400000	0.404163	0.000000
0.400000	0.403642	0.000000
0.400000	0.403186	0.000000
0.400000	0.402787	0.000000
0.400000	0.402437	0.000000
0.400000	0.402132	0.000000
0.400000	0.401865	0.000000
0.400000	0.401631	0.000000
0.400000	0.401426	0.000000
0.400000	0.401248	0.000000
0.400000	0.401091	0.000000
0.400000	0.400954	0.000000
0.400000	0.400834	0.000000
0.400000	0.400729	0.000000
0.400000	0.400638	0.000000
0.400000	0.400558	0.000000
0.400000	0.400487	0.000000
0.400000	0.400426	0.000000
0.400000	0.400372	0.000000
0.400000	0.400326	0.000000
0.400000	0.400284	0.000000
0.400000	0.400249	0.000000
0.400000	0.400217	0.000000
0.400000	0.400190	0.000000
0.400000	0.400166	0.000000
0.400000	0.400145	0.000000
0.400000	0.400126	0.000000
0.400000	0.400110	0.000000
0.400000	0.400096	0.000000
0.400000	0.400084	0.000000
0.400000	0.400073	0.000000
0.400000	0.400064	0.000000
0.400000	0.400056	0.000000
0.400000	0.400049	0.000000
0.400000	0.400021	0.000000
0.400000	0.400024	0.000000
0.400000	0.400042	0.000000
0.400000	0.400028	0.000000
0.400000	0.400037	0.000000
0.400000	0.400032	0.000000
0.410000	0.860819	0.081752
0.410000	0.978793	0.000000
0.410000	0.896043	0.000000
0.410000	0.762712	0.000000
0.410000	0.820000	0.000000
0.410000	0.716496	0.000000
0.410000	0.677305	0.000000
0.410000	0.643509	0.000000
0.410000	0.614164	0.000000
0.410000	0.588597	0.000000
0.410000	0.566279	0.000000
0.410000	0.546775	0.000000
0.410000	0.529718	0.000000
0.410000	0.514795	0.000000
0.410000	0.501734	0.000000
0.410000	0.490302	0.000000
0.410000	0.480293	0.000000
0.410000	0.471531	0.000000
0.410000	0.463859	0.000000
0.410000	0.457143	0.000000
0.410000	0.451263	0.000000
0.410000	0.446115	0.000000
0.410000	0.441608	0.000000
0.410000	0.437663	0.000000
0.410000	0.434209	0.000000
0.410000	0.431186	0.000000
0.410000	0.428540	0.000000
0.410000	0.426224	0.000000
0.410000	0.424197	0.000000
0.410000	0.422423	0.000000
0.410000	0.420870	0.000000
0.410000	0.419511	0.000000
0.410000	0.418322	0.000000
0.410000	0.417281	0.000000
0.410000	0.416370	0.000000
0.410000	0.415573	0.000000
0.410000	0.414876	0.000000
0.410000	0.414266	0.000000
0.410000	0.413732	0.000000
0.410000	0.413264	0.000000
0.410000	0.412856	0.000000
0.410000	0.412498	0.000000
0.410000	0.412185	0.000000
0.410000	0.411911	0.000000
0.410000	0.411671	0.000000
0.410000	0.411462	0.000000
0.410000	0.411278	0.000000
0.410000	0.411118	0.000000
0.410000	0.410978	0.000000
0.410000	0.410855	0.000000
0.410000	0.410748	0.000000
0.410000	0.410654	0.000000
0.410000	0.410571	0.000000
0.410000	0.410500	0.000000
0.410000	0.410437	0.000000
0.410000	0.410382	0.000000
0.410000	0.410334	0.000000
0.410000	0.410292	0.000000
0.410000	0.410255	0.000000
0.410000	0.410223	0.000000
0.410000	0.410194	0.000000
0.410000	0.410170	0.000000
0.410000	0.410148	0.000000
0.410000	0.410130	0.000000
0.410000	0.410113	0.000000
0.410000	0.410099	0.000000
0.410000	0.410086	0.000000
0.410000	0.410075	0.000000
0.410000	0.410066	0.000000
0.410000	0.410057	0.000000
0.410000	0.410050	0.000000
0.410000	0.410022	0.000000
0.410000	0.410025	0.000000
0.410000	0.410043	0.000000
0.410000	0.410029	0.000000
0.410000	0.410038	0.000000
0.410000	0.410033	0.000000
0.420000	0.877438	0.072606
0.420000	0.921038	0.000000
0.420000	0.780735	0.000000
0.420000	0.840000	0.000000
0.420000	0.733500	0.000000
0.420000	0.693470	0.000000
0.420000	0.658935	0.000000
0.420000	0.628936	0.000000
0.420000	0.602790	0.000000
0.420000	0.579961	0.000000
0.420000	0.560006	0.000000
0.420000	0.542553	0.000000
0.420000	0.527282	0.000000
0.420000	0.513915	0.000000
0.420000	0.502213	0.000000
0.420000	0.491968	0.000000
0.420000	0.482999	0.000000
0.420000	0.475145	0.000000
0.420000	0.468270	0.000000
0.420000	0.462250	0.000000
0.420000	0.456979	0.000000
0.420000	0.452365	0.000000
0.420000	0.448326	0.000000
0.420000	0.444790	0.000000
0.420000	0.441694	0.000000
0.420000	0.438985	0.000000
0.420000	0.436614	0.000000
0.420000	0.434538	0.000000
0.420000	0.432721	0.000000
0.420000	0.431131	0.000000
0.420000	0.429740	0.000000
0.420000	0.428522	0.000000
0.420000	0.427456	0.000000
0.420000	0.426524	0.000000
0.420000	0.425708	0.000000
0.420000	0.424993	0.000000
0.420000	0.424368	0.000000
0.420000	0.423822	0.000000
0.420000	0.423343	0.000000
0.420000	0.422924	0.000000
0.420000	0.422558	0.000000
0.420000	0.422238	0.000000
0.420000	0.421957	0.000000
0.420000	0.421712	0.000000
0.420000	0.421497	0.000000
0.420000	0.421309	0.000000
0.420000	0.421145	0.000000
0.420000	0.421001	0.000000
0.420000	0.420876	0.000000
0.420000	0.420766	0.000000
0.420000	0.420669	0.000000
0.420000	0.420585	0.000000
0.420000	0.420512	0.000000
0.420000	0.420447	0.000000
0.420000	0.420391	0.000000
0.420000	0.420342	0.000000
0.420000	0.420299	0.000000
0.420000	0.420261	0.000000
0.420000	0.420228	0.000000
0.420000	0.420199	0.000000
0.420000	0.420174	0.000000
0.420000	0.420152	0.000000
0.420000	0.420133	0.000000
0.420000	0.420116	0.000000
0.420000	0.420101	0.000000
0.420000	0.420088	0.000000
0.420000	0.420077	0.000000
0.420000	0.420067	0.000000
0.420000	0.420059	0.000000
0.420000	0.420051	0.000000
0.420000	0.420022	0.000000
0.420000	0.420025	0.000000
0.420000	0.420045	0.000000
0.420000	0.420029	0.000000
0.420000	0.420039	0.000000
0.420000	0.420034	0.000000
0.430000	0.893791	0.063530
0.430000	0.946643	0.000000
0.430000	0.798648	0.000000
0.430000	0.860000	0.000000
0.430000	0.750446	0.000000
0.430000	0.709602	0.000000
0.430000	0.674341	0.000000
0.430000	0.643694	0.000000
0.430000	0.616972	0.000000
0.430000	0.593635	0.000000
0.430000	0.573232	0.000000
0.430000	0.555384	0.000000
0.430000	0.539764	0.000000
0.430000	0.526092	0.000000
0.430000	0.514122	0.000000
0.430000	0.503641	0.000000
0.430000	0.494465	0.000000
0.430000	0.486430	0.000000
0.430000	0.479395	0.000000
0.430000	0.473235	0.000000
0.430000	0.467842	0.000000
0.430000	0.463121	0.000000
0.430000	0.458988	0.000000
0.430000	0.455370	0.000000
0.430000	0.452202	0.000000
0.430000	0.449430	0.000000
0.430000	0.447003	0.000000
0.430000	0.444879	0.000000
0.430000	0.443020	0.000000
0.430000	0.441392	0.000000
0.430000	0.439968	0.000000
0.430000	0.438722	0.000000
0.430000	0.437631	0.000000
0.430000	0.436677	0.000000
0.430000	0.435842	0.000000
0.430000	0.435111	0.000000
0.430000	0.434471	0.000000
0.430000	0.433912	0.000000
0.430000	0.433422	0.000000
0.430000	0.432993	0.000000
0.430000	0.432618	0.000000
0.430000	0.432290	0.000000
0.430000	0.432003	0.000000
0.430000	0.431752	0.000000
0.430000	0.431533	0.000000
0.430000	0.431340	0.000000
0.430000	0.431172	0.000000
0.430000	0.431025	0.000000
0.430000	0.430896	0.000000
0.430000	0.430784	0.000000
0.430000	0.430685	0.000000
0.430000	0.430599	0.000000
0.430000	0.430524	0.000000
0.430000	0.430458	0.000000
0.430000	0.430400	0.000000
0.430000	0.430350	0.000000
0.430000	0.430306	0.000000
0.430000	0.430267	0.000000
0.430000	0.430233	0.000000
0.430000	0.430204	0.000000
0.430000	0.430178	0.000000
0.430000	0.430156	0.000000
0.430000	0.430136	0.000000
0.430000	0.430119	0.000000
0.430000	0.430104	0.000000
0.430000	0.430090	0.000000
0.430000	0.430079	0.000000
0.430000	0.430069	0.000000
0.430000	0.430060	0.000000
0.430000	0.430052	0.000000
0.430000	0.430023	0.000000
0.430000	0.430026	0.000000
0.430000	0.430046	0.000000
0.430000	0.430030	0.000000
0.430000	0.430040	0.000000
0.430000	0.430035	0.000000
0.440000	0.910040	0.054481
0.440000	0.972658	0.000000
0.440000	0.816431	0.000000
0.440000	0.880000	0.000000
0.440000	0.767332	0.000000
0.440000	0.725700	0.000000
0.440000	0.689725	0.000000
0.440000	0.658437	0.000000
0.440000	0.631145	0.000000
0.440000	0.607301	0.000000
0.440000	0.586451	0.000000
0.440000	0.568209	0.000000
0.440000	0.552243	0.000000
0.440000	0.538266	0.000000
0.440000	0.526028	0.000000
0.440000	0.515312	0.000000
0.440000	0.505929	0.000000
0.440000	0.497713	0.000000
0.440000	0.490519	0.000000
0.440000	0.484220	0.000000
0.440000	0.478705	0.000000
0.440000	0.473877	0.000000
0.440000	0.469649	0.000000
0.440000	0.465949	0.000000
0.440000	0.462709	0.000000
0.440000	0.459874	0.000000
0.440000	0.457392	0.000000
0.440000	0.455219	0.000000
0.440000	0.453318	0.000000
0.440000	0.451653	0.000000
0.440000	0.450197	0.000000
0.440000	0.448922	0.000000
0.440000	0.447806	0.000000
0.440000	0.446830	0.000000
0.440000	0.445976	0.000000
0.440000	0.445228	0.000000
0.440000	0.444574	0.000000
0.440000	0.444001	0.000000
0.440000	0.443500	0.000000
0.440000	0.443062	0.000000
0.440000	0.442679	0.000000
0.440000	0.442343	0.000000
0.440000	0.442049	0.000000
0.440000	0.441793	0.000000
0.440000	0.441568	0.000000
0.440000	0.441371	0.000000
0.440000	0.441199	0.000000
0.440000	0.441049	0.000000
0.440000	0.440917	0.000000
0.440000	0.440802	0.000000
0.440000	0.440701	0.000000
0.440000	0.440613	0.000000
0.440000	0.440536	0.000000
0.440000	0.440468	0.000000
0.440000	0.440409	0.000000
0.440000	0.440358	0.000000
0.440000	0.440313	0.000000
0.440000	0.440273	0.000000
0.440000	0.440239	0.000000
0.440000	0.440209	0.000000
0.440000	0.440182	0.000000
0.440000	0.440159	0.000000
0.440000	0.440139	0.000000
0.440000	0.440121	0.000000
0.440000	0.440106	0.000000
0.440000	0.440092	0.000000
0.440000	0.440081	0.000000
0.440000	0.440070	0.000000
0.440000	0.440061	0.000000
0.440000	0.440054	0.000000
0.440000	0.440023	0.000000
0.440000	0.440027	0.000000
0.440000	0.440047	0.000000
0.440000	0.440031	0.000000
0.440000	0.440041	0.000000
0.440000	0.440035	0.000000
0.450000	0.926381	0.045239
0.450000	0.998786	0.000000
0.450000	0.834062	0.000000
0.450000	0.900000	0.000000
0.450000	0.784151	0.000000
0.450000	0.741762	0.000000
0.450000	0.705088	0.000000
0.450000	0.673166	0.000000
0.450000	0.645307	0.000000
0.450000	0.620960	0.000000
0.450000	0.599665	0.000000
0.450000	0.581030	0.000000
0.450000	0.564718	0.000000
0.450000	0.550436	0.000000
0.450000	0.537931	0.000000
0.450000	0.526981	0.000000
0.450000	0.517391	0.000000
0.450000	0.508995	0.000000
0.450000	0.501642	0.000000
0.450000	0.495204	0.000000
0.450000	0.489567	0.000000
0.450000	0.484631	0.000000
0.450000	0.480310	0.000000
0.450000	0.476528	0.000000
0.450000	0.473216	0.000000
0.450000	0.470317	0.000000
0.450000	0.467780	0.000000
0.450000	0.465559	0.000000
0.450000	0.463615	0.000000
0.450000	0.461914	0.000000
0.450000	0.460425	0.000000
0.450000	0.459122	0.000000
0.450000	0.457981	0.000000
0.450000	0.456983	0.000000
0.450000	0.456110	0.000000
0.450000	0.455345	0.000000
0.450000	0.454677	0.000000
0.450000	0.454091	0.000000
0.450000	0.453579	0.000000
0.450000	0.453131	0.000000
0.450000	0.452739	0.000000
0.450000	0.452396	0.000000
0.450000	0.452096	0.000000
0.450000	0.451833	0.000000
0.450000	0.451603	0.000000
0.450000	0.451402	0.000000
0.450000	0.451226	0.000000
0.450000	0.451072	0.000000
0.450000	0.450938	0.000000
0.450000	0.450820	0.000000
0.450000	0.450717	0.000000
0.450000	0.450627	0.000000
0.450000	0.450548	0.000000
0.450000	0.450479	0.000000
0.450000	0.450419	0.000000
0.450000	0.450366	0.000000
0.450000	0.450320	0.000000
0.450000	0.450280	0.000000
0.450000	0.450244	0.000000
0.450000	0.450213	0.000000
0.450000	0.450186	0.000000
0.450000	0.450163	0.000000
0.450000	0.450142	0.000000
0.450000	0.450124	0.000000
0.450000	0.450108	0.000000
0.450000	0.450095	0.000000
0.450000	0.450083	0.000000
0.450000	0.450072	0.000000
0.450000	0.450063	0.000000
0.450000	0.450055	0.000000
0.450000	0.450024	0.000000
0.450000	0.450027	0.000000
0.450000	0.450048	0.000000
0.450000	0.450031	0.000000
0.450000	0.450042	0.000000
0.450000	0.450036	0.000000
0.460000	0.942979	0.035257
0.460000	0.851520	0.000000
0.460000	0.920000	0.000000
0.460000	0.800903	0.000000
0.460000	0.757789	0.000000
0.460000	0.720428	0.000000
0.460000	0.687880	0.000000
0.460000	0.659458	0.000000
0.460000	0.634611	0.000000
0.460000	0.612872	0.000000
0.460000	0.593846	0.000000
0.460000	0.577189	0.000000
0.460000	0.562604	0.000000
0.460000	0.549832	0.000000
0.460000	0.538647	0.000000
0.460000	0.528852	0.000000
0.460000	0.520274	0.000000
0.460000	0.512763	0.000000
0.460000	0.506186	0.000000
0.460000	0.500427	0.000000
0.460000	0.495385	0.000000
0.460000	0.490971	0.000000
0.460000	0.487106	0.000000
0.460000	0.483722	0.000000
0.460000	0.480761	0.000000
0.460000	0.478168	0.000000
0.460000	0.475899	0.000000
0.460000	0.473913	0.000000
0.460000	0.472174	0.000000
0.460000	0.470653	0.000000
0.460000	0.469321	0.000000
0.460000	0.468156	0.000000
0.460000	0.467136	0.000000
0.460000	0.466244	0.000000
0.460000	0.465463	0.000000
0.460000	0.464779	0.000000
0.460000	0.464181	0.000000
0.460000	0.463658	0.000000
0.460000	0.463200	0.000000
0.460000	0.462799	0.000000
0.460000	0.462448	0.000000
0.460000	0.462142	0.000000
0.460000	0.461873	0.000000
0.460000	0.461638	0.000000
0.460000	0.461433	0.000000
0.460000	0.461253	0.000000
0.460000	0.461096	0.000000
0.460000	0.460958	0.000000
0.460000	0.460838	0.000000
0.460000	0.460733	0.000000
0.460000	0.460641	0.000000
0.460000	0.460560	0.000000
0.460000	0.460490	0.000000
0.460000	0.460428	0.000000
0.460000	0.460374	0.000000
0.460000	0.460327	0.000000
0.460000	0.460286	0.000000
0.460000	0.460250	0.000000
0.460000	0.460218	0.000000
0.460000	0.460191	0.000000
0.460000	0.460166	0.000000
0.460000	0.460145	0.000000
0.460000	0.460127	0.000000
0.460000	0.460111	0.000000
0.460000	0.460097	0.000000
0.460000	0.460084	0.000000
0.460000	0.460074	0.000000
0.460000	0.460064	0.000000
0.460000	0.460056	0.000000
0.460000	0.460024	0.000000
0.460000	0.460028	0.000000
0.460000	0.460049	0.000000
0.460000	0.460032	0.000000
0.460000	0.460042	0.000000
0.460000	0.460037	0.000000
0.470000	0.959934	0.023074
0.470000	0.868784	0.000000
0.470000	0.940000	0.000000
0.470000	0.817582	0.000000
0.470000	0.773780	0.000000
0.470000	0.735747	0.000000
0.470000	0.702579	0.000000
0.470000	0.673599	0.000000
0.470000	0.648254	0.000000
0.470000	0.626074	0.000000
0.470000	0.606657	0.000000
0.470000	0.589656	0.000000
0.470000	0.574768	0.000000
0.470000	0.561730	0.000000
0.470000	0.550311	0.000000
0.470000	0.540311	0.000000
0.470000	0.531553	0.000000
0.470000	0.523883	0.000000
0.470000	0.517168	0.000000
0.470000	0.511287	0.000000
0.470000	0.506138	0.000000
0.470000	0.501630	0.000000
0.470000	0.497683	0.000000
0.470000	0.494228	0.000000
0.470000	0.491204	0.000000
0.470000	0.488556	0.000000
0.470000	0.486239	0.000000
0.470000	0.484210	0.000000
0.470000	0.482435	0.000000
0.470000	0.480881	0.000000
0.470000	0.479521	0.000000
0.470000	0.478330	0.000000
0.470000	0.477289	0.000000
0.470000	0.476377	0.000000
0.470000	0.475580	0.000000
0.470000	0.474881	0.000000
0.470000	0.474271	0.000000
0.470000	0.473736	0.000000
0.470000	0.473268	0.000000
0.470000	0.472859	0.000000
0.470000	0.472501	0.000000
0.470000	0.472188	0.000000
0.470000	0.471914	0.000000
0.470000	0.471674	0.000000
0.470000	0.471464	0.000000
0.470000	0.471280	0.000000
0.470000	0.471120	0.000000
0.470000	0.470979	0.000000
0.470000	0.470856	0.000000
0.470000	0.470749	0.000000
0.470000	0.470654	0.000000
0.470000	0.470572	0.000000
0.470000	0.470500	0.000000
0.470000	0.470437	0.000000
0.470000	0.470382	0.000000
0.470000	0.470334	0.000000
0.470000	0.470292	0.000000
0.470000	0.470255	0.000000
0.470000	0.470223	0.000000
0.470000	0.470195	0.000000
0.470000	0.470170	0.000000
0.470000	0.470148	0.000000
0.470000	0.470130	0.000000
0.470000	0.470113	0.000000
0.470000	0.470099	0.000000
0.470000	0.470086	0.000000
0.470000	0.470075	0.000000
0.470000	0.470066	0.000000
0.470000	0.470057	0.000000
0.470000	0.470025	0.000000
0.470000	0.470029	0.000000
0.470000	0.470050	0.000000
0.470000	0.470033	0.000000
0.470000	0.470043	0.000000
0.470000	0.470038	0.000000
